timestamp,open,high,low,close
1732852800,2,3.975,2,3.68
1732867200,3.6501,4.61,3.65,4.53
1732881600,4.5545,5.3842,4.2444,5.3825
1732896000,5.3834,6.2451,4.96,5.6419
1732910400,5.6575,6.61,5.6216,6.252
1732924800,6.2302,7.1182,6.1613,6.9027
1732939200,6.9113,7.2677,6.15,6.831
1732953600,6.8427,7.6641,6.3544,7.5743
1732968000,7.5742,8.8586,7.19,8.5286
1732982400,8.5067,8.9374,7.8,8.5864
1732996800,8.5862,8.94,8.2374,8.4985
1733011200,8.4961,9.748,8.1,9.7195
1733025600,9.6998,9.8687,9.33,9.4057
1733040000,9.429,9.847,8.92,9.2179
1733054400,9.2179,9.5351,8.2569,8.981
1733068800,8.991,9.4532,8.275,9.1837
1733083200,9.1826,9.4975,8.9362,9.4686
1733097600,9.4676,9.654,8.5069,8.5213
1733112000,8.521,9.2496,7.9849,9.1728
1733126400,9.1607,9.1903,8.2213,8.7347
1733140800,8.7347,8.95,8.0946,8.1877
1733155200,8.1954,8.7518,7.1781,8.5045
1733169600,8.5124,8.5727,7.925,8.4277
1733184000,8.4208,8.718,7.7374,8.5991
1733198400,8.5903,9.45,8.5901,9.0544
1733212800,9.0543,9.39,8.722,8.9457
1733227200,8.9451,9.3585,8.4694,9.1312
1733241600,9.147,9.4,9.044,9.3919
1733256000,9.3999,11.8,9.2801,11.082
1733270400,11.076,12.332,10.731,12.329
1733284800,12.316,12.95,11.8,12.157
1733299200,12.153,13.22,11.76,12.714
1733313600,12.707,12.99,11.11,11.41
1733328000,11.401,12.354,10.707,11.182
1733342400,11.184,12.337,10.81,11.403
1733356800,11.395,12.461,10.405,12.45
1733371200,12.45,13.267,11.8,13.239
1733385600,13.247,13.95,12.967,13.498
1733400000,13.498,13.698,12.395,12.709
1733414400,12.72,13.199,12.1,12.13
1733428800,12.13,12.942,11.27,12.71
1733443200,12.685,13.647,12.582,13.362
1733457600,13.362,13.55,12.891,13.072
1733472000,13.065,13.43,12.4,12.646
1733486400,12.637,13.776,12.29,13.773
1733500800,13.772,14.241,13.32,13.852
1733515200,13.862,14.39,13.2,13.829
1733529600,13.829,14.798,13.5,14.787
1733544000,14.789,15,14.35,14.519
1733558400,14.533,14.9,14.12,14.289
1733572800,14.289,15,14.1,14.403
1733587200,14.402,14.88,13.75,14.664
1733601600,14.664,14.819,13.951,14.117
1733616000,14.12,14.321,13.451,14.213
1733630400,14.202,14.218,13.451,13.889
1733644800,13.889,13.991,13.434,13.922
1733659200,13.921,14.516,13.901,14.475
1733673600,14.471,14.737,13.794,13.853
1733688000,13.863,14.48,13.701,14.02
1733702400,14.016,14.454,13.469,13.604
1733716800,13.601,13.769,12.5,13.447
1733731200,13.455,13.7,12.366,12.508
1733745600,12.505,13.562,12.379,12.639
1733760000,12.64,13.376,12.347,12.711
1733774400,12.721,13.688,11.939,13.541
1733788800,13.538,13.653,12.61,13.051
1733803200,13.07,13.888,12.72,13.7
1733817600,13.701,14.519,13.577,14.346
1733832000,14.346,14.417,12.905,12.955
1733846400,12.956,13.66,12.57,13.194
1733860800,13.194,14,12.898,13.562
1733875200,13.558,13.9,13,13.793
1733889600,13.799,13.971,13.21,13.524
1733904000,13.524,14.385,13.515,14.244
1733918400,14.249,15.774,14.135,15.515
1733932800,15.508,16.55,15.118,16.294
1733947200,16.294,16.55,15.796,16.115
1733961600,16.106,16.55,15.59,16.328
1733976000,16.341,18.141,16.244,17.667
1733990400,17.667,18.222,17.453,17.827
1734004800,17.827,18.773,17.6,18.18
1734019200,18.19,18.7,17.17,17.47
1734033600,17.477,18.477,17.268,18.041
1734048000,18.041,18.185,17.255,17.787
1734062400,17.786,17.834,16.941,17.357
1734076800,17.357,18.217,17.27,17.927
1734091200,17.925,18.144,17.216,17.967
1734105600,17.962,19.468,17.709,19.413
1734120000,19.413,19.571,18.927,19.48
1734134400,19.482,21.485,19,20.92
1734148800,20.92,21.888,20.45,20.841
1734163200,20.822,21.957,20.069,20.499
1734177600,20.497,23.403,20.245,22.626
1734192000,22.625,23.69,22,22.889
1734206400,22.901,24.369,22.316,24.151
1734220800,24.151,24.994,23.063,23.905
1734235200,23.904,24.588,22.172,22.386
1734249600,22.386,24,21.429,21.839
1734264000,21.838,25,21.141,24.621
1734278400,24.621,25.033,23.374,23.633
1734292800,23.633,24.98,22.57,23.89
1734307200,23.879,24.96,23.01,24.138
1734321600,24.1,26.802,23.727,26.774
1734336000,26.774,27.25,25.25,25.758
1734350400,25.758,27.27,25.31,27.107
1734364800,27.101,28.156,26.31,27.95
1734379200,27.909,28.5,26.958,27.243
1734393600,27.23,29,26.777,28.938
1734408000,28.937,28.99,27.4,27.754
1734422400,27.754,28.666,27.4,27.722
1734436800,27.718,28.638,25.9,26.998
1734451200,27,27.64,25.412,26.673
1734465600,26.694,26.95,23.712,25.583
1734480000,25.561,27.284,25.026,25.971
1734494400,25.971,26.1,24.01,24.991
1734508800,24.98,27.5,24.972,26.653
1734523200,26.638,27.35,24.3,25.415
1734537600,25.415,25.56,23.9,23.951
1734552000,23.95,26.288,22.692,23.218
1734566400,23.218,25.059,22,24.547
1734580800,24.547,25.691,24.094,25.687
1734595200,25.635,27.22,24.556,27.057
1734609600,27.057,27.247,24.372,25.07
1734624000,25.07,25.522,22.383,23.977
1734638400,23.986,25.789,22.612,24.92
1734652800,24.92,25.491,23.429,24.912
1734667200,24.916,25.5,23.778,24.548
1734681600,24.54,24.664,22.9,23.202
1734696000,23.201,30.944,22.9,30.175
1734710400,30.175,31.861,29.223,29.522
1734724800,29.522,30.995,28.36,29.749
1734739200,29.735,33.398,28.971,33.005
1734753600,33.005,35,32.233,34.1
1734768000,34.107,34.184,32.21,33.279
1734782400,33.273,33.89,31.222,32.353
1734796800,32.365,32.6,30.6,32.115
1734811200,32.116,35.25,31.671,32.029
1734825600,32.011,34.987,31.9,34.482
1734840000,34.469,34.54,32.109,32.888
1734854400,32.894,34.742,32.792,33.881
1734868800,33.876,34.09,30.943,31.445
1734883200,31.467,31.818,27.852,27.92
1734897600,27.906,30.139,27.371,28.459
1734912000,28.459,29.76,25.3,29.478
1734926400,29.476,29.672,25.8,28.225
1734940800,28.225,29.5,27.099,27.143
1734955200,27.143,27.811,25.2,26.907
1734969600,26.907,28.8,26.209,26.755
1734984000,26.733,29.78,26.407,28.623
1734998400,28.593,30.12,27.429,29.322
1735012800,29.33,30.238,28.762,29.242
1735027200,29.243,30.061,27.39,27.92
1735041600,27.917,30.289,27.478,30.286
1735056000,30.288,31.478,29.02,29.235
1735070400,29.223,30.434,28.489,29.783
1735084800,29.772,30.44,29.107,29.488
1735099200,29.488,30.49,28.935,29.222
1735113600,29.222,29.774,27.989,28.073
1735128000,28.084,28.57,26.454,26.825
1735142400,26.826,28.669,26.651,28.131
1735156800,28.13,28.928,26.2,26.544
1735171200,26.543,26.913,25.579,26.515
1735185600,26.515,26.601,25.35,25.378
1735200000,25.379,26,23.859,25.089
1735214400,25.104,26.13,24.095,24.843
1735228800,24.843,26.864,24.502,26.694
1735243200,26.707,27.28,25.667,27.217
1735257600,27.215,28,26.712,27.145
1735272000,27.146,27.534,25.7,25.827
1735286400,25.803,28.939,25.6,28.716
1735300800,28.736,28.939,26.6,27.535
1735315200,27.545,27.627,26.412,27.078
1735329600,27.08,27.294,26.239,27.111
1735344000,27.104,27.217,26.099,26.622
1735358400,26.625,27.035,25.812,25.891
1735372800,25.891,28.158,25.786,27.718
1735387200,27.744,29.068,27.102,28.306
1735401600,28.322,28.797,27.55,27.997
1735416000,28,29.268,27.752,29.265
1735430400,29.268,29.595,27.81,27.847
1735444800,27.845,28.231,27.332,27.965
1735459200,27.977,28.119,27.3,27.707
1735473600,27.702,28.183,27.012,27.333
1735488000,27.323,27.575,26.516,27.122
1735502400,27.122,27.739,26.624,27.446
1735516800,27.446,28.323,27.167,27.528
1735531200,27.518,28.119,27.033,27.882
1735545600,27.903,29.2,27.495,28
1735560000,27.99,28.356,26.601,27.138
1735574400,27.138,27.651,26.5,27.047
1735588800,27.053,27.502,26.65,26.953
1735603200,26.953,27.13,26.05,26.318
1735617600,26.317,26.569,25.471,25.926
1735632000,25.929,26.821,25.51,26.419
1735646400,26.419,27.065,25.838,26.057
1735660800,26.057,26.301,25,25.094
1735675200,25.094,25.126,23,24.007
1735689600,23.988,24.678,23.66,24.393
1735704000,24.391,24.924,23.524,23.682
1735718400,23.684,24.716,23.31,24.583
1735732800,24.581,24.898,23.983,24.826
1735747200,24.833,25.796,24.033,25.704
1735761600,25.728,26.595,25.259,26.315
1735776000,26.309,26.782,25.5,25.572
1735790400,25.572,26.424,25.491,25.783
1735804800,25.781,26.548,25.341,25.425
1735819200,25.418,25.613,23.899,23.948
1735833600,23.948,24.57,23.031,23.23
1735848000,23.229,23.78,22.6,23.163
1735862400,23.154,24.005,22.777,23.773
1735876800,23.776,23.85,22.122,22.122
1735891200,22.138,23.75,21.616,23.506
1735905600,23.519,25,23.316,24.113
1735920000,24.12,24.709,23.47,23.849
1735934400,23.845,24.472,23.005,24.442
1735948800,24.436,24.6,23.656,23.961
1735963200,23.951,23.966,23.196,23.402
1735977600,23.407,24.043,23.091,23.939
1735992000,23.94,24.421,23.451,23.538
1736006400,23.537,24.143,23.1,24.041
1736020800,24.052,25.46,23.938,25.022
1736035200,25.022,25.88,24.981,25.35
1736049600,25.352,25.67,24.805,25.299
1736064000,25.303,25.48,24.384,25.419
1736078400,25.429,25.429,24.548,24.953
1736092800,24.959,25.1,24.3,24.36
1736107200,24.347,24.648,24.086,24.401
1736121600,24.401,24.95,24.027,24.798
1736136000,24.798,25.165,24.572,24.757
1736150400,24.765,24.827,24.214,24.735
1736164800,24.737,26,24.724,25.926
1736179200,25.926,26.3,25.42,26.131
1736193600,26.15,26.2,25.066,25.231
1736208000,25.231,26.091,25.022,25.746
1736222400,25.746,26.352,25.346,26.038
1736236800,26.036,26.211,25.15,25.359
1736251200,25.359,25.777,24.01,24.32
1736265600,24.32,24.885,22.76,23.018
1736280000,23.014,24.232,22.826,23.496
1736294400,23.494,23.851,21.483,21.761
1736308800,21.764,22.437,20.541,22.109
1736323200,22.105,22.38,21.061,21.38
1736337600,21.369,22.146,20.6,21.172
1736352000,21.172,23.379,20.1,23.112
1736366400,23.109,23.95,22.313,22.5
1736380800,22.499,23.911,22,22.195
1736395200,22.19,22.531,20.23,20.394
1736409600,20.399,21.331,20.297,20.547
1736424000,20.546,21.139,19,20.63
1736438400,20.64,21.408,18.99,19.116
1736452800,19.117,20.56,18.889,20.273
1736467200,20.289,21.951,20.093,21.12
1736481600,21.12,22.2,20.718,21.806
1736496000,21.811,22.12,21.2,21.729
1736510400,21.732,21.869,19.89,20.604
1736524800,20.599,21.563,19.696,21.043
1736539200,21.043,21.477,20.5,20.654
1736553600,20.65,20.825,20,20.329
1736568000,20.329,20.453,19.354,20.049
1736582400,20.049,20.5,19.543,20.273
1736596800,20.273,20.689,20.007,20.12
1736611200,20.12,20.412,19.79,20.18
1736625600,20.18,21.309,20.068,20.884
1736640000,20.88,21,20.3,20.36
1736654400,20.352,20.607,19.936,20.299
1736668800,20.3,21.419,20.246,21.405
1736683200,21.405,21.975,21.001,21.781
1736697600,21.791,22.017,21.252,21.551
1736712000,21.562,21.694,20.787,21.117
1736726400,21.117,23.369,20.845,21.201
1736740800,21.2,21.523,20,20.178
1736755200,20.193,20.218,18.88,18.9
1736769600,18.905,20.75,18.88,20.378
1736784000,20.385,20.762,19.883,20.636
1736798400,20.645,21.985,20.5,21.629
1736812800,21.628,21.844,21.215,21.82
1736827200,21.807,22.932,21.499,21.759
1736841600,21.759,23.26,21.638,22.753
1736856000,22.762,23.559,21.968,23.206
1736870400,23.205,23.217,22.345,22.424
1736884800,22.42,23.078,22.306,22.999
1736899200,23,23.129,22.323,22.699
1736913600,22.688,22.8,22.51,22.747
1736928000,22.747,22.795,22.1,22.457
1736942400,22.45,24.402,22.319,23.682
1736956800,23.683,23.9,23.295,23.862
1736971200,23.878,24.4,23.564,24.376
1736985600,24.378,24.429,23.552,23.765
1737000000,23.765,24.137,23.58,23.958
1737014400,23.97,24.02,23.26,23.845
1737028800,23.844,24.3,23.12,23.533
1737043200,23.53,24.031,23.441,23.697
1737057600,23.697,23.809,23.111,23.469
1737072000,23.479,23.861,23.149,23.174
1737086400,23.174,23.765,23.149,23.634
1737100800,23.634,24.063,23.634,23.98
1737115200,23.98,24.05,23.04,23.178
1737129600,23.179,23.501,22.843,23.284
1737144000,23.284,23.67,22.997,23.09
1737158400,23.089,23.109,21.999,22.107
1737172800,22.091,22.928,21.02,21.705
1737187200,21.714,22.308,20.2,20.682
1737201600,20.683,21.164,19.85,20.11
1737216000,20.11,20.852,18.999,20.151
1737230400,20.151,21.994,20.083,21.937
1737244800,21.937,22.188,20.881,20.883
1737259200,20.883,21.213,19.712,20.62
1737273600,20.62,22.517,19.201,22.283
1737288000,22.278,23.5,21.478,22.018
1737302400,22.027,23.749,22.005,23.018
1737316800,23.021,23.769,19.131,20.198
1737331200,20.184,21.54,19.3,19.986
1737345600,19.999,21.959,19.773,21.884
1737360000,21.943,22.755,21.457,22.205
1737374400,22.21,22.499,20.534,20.85
1737388800,20.85,21.491,19.898,21.008
1737403200,21.003,21.017,19.99,20.547
1737417600,20.552,21.377,20.027,21.28
1737432000,21.265,21.917,20.59,21.602
1737446400,21.594,23.184,21.419,22.857
1737460800,22.849,24.114,22.05,23.657
1737475200,23.646,25,23.321,24.106
1737489600,24.105,24.333,22.861,23.183
1737504000,23.182,25.174,23.01,25.159
1737518400,25.169,26.788,25.058,26.766
1737532800,26.767,27.057,25.584,25.747
1737547200,25.748,26.2,25.17,25.746
1737561600,25.68,26.448,25.466,25.631
1737576000,25.623,25.998,24.163,24.3
1737590400,24.3,24.658,22.121,22.89
1737604800,22.902,23.679,21.959,23.622
1737619200,23.638,23.683,22.251,23.316
1737633600,23.299,24.4,22.429,23.538
1737648000,23.555,24.418,22.713,22.791
1737662400,22.779,25.229,21.198,21.975
1737676800,21.975,22.206,21.134,21.872
1737691200,21.872,23.95,21.702,23.26
1737705600,23.26,23.989,22.985,23.989
1737720000,23.989,24.776,23.5,23.955
1737734400,23.945,25,23.628,24.687
1737748800,24.686,24.99,22.656,23.059
1737763200,23.059,23.144,22.01,22.972
1737777600,22.973,22.988,21.701,22.095
1737792000,22.095,22.864,21.751,22.706
1737806400,22.717,23.411,22.355,23.238
1737820800,23.238,23.663,23,23.342
1737835200,23.331,23.925,23,23.152
1737849600,23.148,24.773,23,24.146
1737864000,24.146,24.9,23.625,23.961
1737878400,23.962,24,23,23.821
1737892800,23.823,23.9,23.042,23.526
1737907200,23.509,24.202,23.27,23.644
1737921600,23.644,23.699,22.069,22.088
1737936000,22.088,22.55,20.61,20.976
1737950400,20.996,21.152,20,20.802
1737964800,20.813,21.544,20.34,21.147
1737979200,21.143,21.984,20.664,21.554
1737993600,21.554,22.004,20.767,21.261
1738008000,21.269,23.654,21.269,23.389
1738022400,23.389,23.798,22.701,23.388
1738036800,23.398,24.455,23.204,24.15
1738051200,24.148,24.46,23.51,23.88
1738065600,23.879,24.027,22.514,23.514
1738080000,23.513,23.726,22.628,22.962
1738094400,22.974,23.018,21.338,22.293
1738108800,22.293,22.801,21.911,22.488
1738123200,22.49,23.597,22.405,23.577
1738137600,23.584,23.597,22.72,23.007
1738152000,23.012,23.33,22.451,22.922
1738166400,22.922,23.689,22.009,23.43
1738180800,23.428,24.438,23.141,23.75
1738195200,23.75,26.498,23.373,26.464
1738209600,26.471,26.8,25.57,25.979
1738224000,25.979,26.66,25.346,26.338
1738238400,26.338,27.939,26.091,26.571
1738252800,26.571,27.43,26.475,27.107
1738267200,27.115,27.817,26.5,27.226
1738281600,27.205,28.168,26.1,26.4
1738296000,26.41,27.349,25.561,26.688
1738310400,26.673,27.544,26.24,27.382
1738324800,27.38,28.174,26.6,28.174
1738339200,28.174,28.381,26.55,27.128
1738353600,27.14,27.748,26,26.93
1738368000,26.922,27.387,25.725,26.114
1738382400,26.118,26.512,25.511,26.204
1738396800,26.204,26.65,25.709,26.357
1738411200,26.356,27.943,26.17,27.478
1738425600,27.462,27.462,25.2,25.596
1738440000,25.596,25.597,22.82,23.188
1738454400,23.188,24.369,21.606,22.143
1738468800,22.124,23.517,21.984,22.357
1738483200,22.353,23.169,21.9,22.015
1738497600,22.036,23.322,21.971,22.645
1738512000,22.651,22.676,20.538,21.9
1738526400,21.891,22.482,20.57,22.311
1738540800,22.314,23.95,20.02,22.544
1738555200,22.536,23.734,21.733,23.711
1738569600,23.711,23.711,22.716,23.056
1738584000,23.062,25.88,22.1,25
1738598400,25,25.788,24,25.329
1738612800,25.329,26.089,24.431,25.179
1738627200,25.183,26.1,24.621,25.091
1738641600,25.109,25.51,23.8,24.668
1738656000,24.674,25.811,24.061,25.194
1738670400,25.175,26.859,25.143,26.623
1738684800,26.619,26.895,25.383,25.421
1738699200,25.41,25.91,24.3,25.13
1738713600,25.14,25.697,24.67,25.351
1738728000,25.351,26.666,25.161,26.656
1738742400,26.654,26.8,25.809,26.645
1738756800,26.649,27.44,26.18,27.063
1738771200,27.065,27.079,25.53,25.647
1738785600,25.675,25.865,24.111,24.757
1738800000,24.758,25.849,24.264,25.531
1738814400,25.533,26.222,25.384,25.812
1738828800,25.817,26,25.055,25.465
1738843200,25.467,25.55,23.5,24.064
1738857600,24.064,24.73,23.6,24.04
1738872000,24.052,24.741,23.727,23.836
1738886400,23.83,24.613,23.488,24.175
1738900800,24.175,24.447,23.214,23.271
1738915200,23.269,24.349,23.1,24.257
1738929600,24.265,25.126,23.55,23.743
1738944000,23.743,23.85,22.851,23.248
1738958400,23.257,23.28,22.02,22.835
1738972800,22.844,23.227,22.523,22.945
1738987200,22.945,22.945,22.2,22.613
1739001600,22.613,23.116,22.48,23.012
1739016000,23.014,23.614,22.828,23.005
1739030400,23.019,23.78,22.797,23.569
1739044800,23.579,23.859,23.312,23.371
1739059200,23.407,24.009,23.11,23.98
1739073600,23.977,24.079,23.401,23.603
1739088000,23.61,23.89,23.199,23.211
1739102400,23.214,23.433,22.763,23.173
1739116800,23.17,23.378,22.666,22.795
1739131200,22.802,23.143,22.1,22.97
1739145600,22.97,23.474,22.208,23.192
1739160000,23.202,23.871,22.953,23.845
1739174400,23.856,24.1,23.702,24.036
1739188800,24.037,24.218,23.404,23.894
1739203200,23.902,23.991,23.581,23.943
1739217600,23.93,24.08,23.103,23.328
1739232000,23.329,24.509,23.281,24.186
1739246400,24.187,24.849,24.164,24.579
1739260800,24.595,24.93,24.492,24.867
1739275200,24.867,24.867,24.02,24.425
1739289600,24.425,24.441,22.834,23.087
1739304000,23.103,23.6,22.935,23.502
1739318400,23.492,23.546,23.066,23.177
1739332800,23.178,23.793,22.943,23.731
1739347200,23.731,24.001,23.499,23.843
1739361600,23.859,24.307,22.502,23.509
1739376000,23.513,24.85,23.072,24.599
1739390400,24.599,25.859,24.446,25.842
1739404800,25.842,25.855,25.22,25.456
1739419200,25.458,25.466,24.833,25.038
1739433600,25.027,25.711,24.6,25.459
1739448000,25.459,25.559,24.525,25.119
1739462400,25.119,25.694,24.592,25.59
1739476800,25.591,26.289,25.508,26.271
1739491200,26.25,26.621,26,26.322
1739505600,26.322,26.832,26.143,26.571
1739520000,26.564,27.37,26.34,27.236
1739534400,27.236,27.688,26.771,27.219
1739548800,27.219,28.42,26.874,27.082
1739563200,27.084,27.27,25.729,26.184
1739577600,26.19,26.924,25.723,26.514
1739592000,26.514,26.709,25.961,26.436
1739606400,26.423,26.85,26,26.326
1739620800,26.374,26.668,25.919,26.063
1739635200,26.077,26.15,25.267,25.699
1739649600,25.703,26.159,25.517,25.719
1739664000,25.721,26.065,25.573,25.699
1739678400,25.699,26.3,25.631,25.936
1739692800,25.936,26.484,25.902,26.408
1739707200,26.42,26.575,25.63,26.225
1739721600,26.215,26.8,25.921,26.333
1739736000,26.332,26.97,26.194,26.797
1739750400,26.798,26.994,26.11,26.127
1739764800,26.126,26.14,25.335,25.454
1739779200,25.454,25.9,25.331,25.724
1739793600,25.724,26.507,25.45,25.521
1739808000,25.51,25.599,24.858,25.528
1739822400,25.529,25.977,25.204,25.378
1739836800,25.378,25.723,25.321,25.699
1739851200,25.708,27.66,24.811,25.606
1739865600,25.605,26.011,23.701,23.935
1739880000,23.936,24.887,23.33,23.446
1739894400,23.446,23.87,22.221,23.616
1739908800,23.616,24.153,22.6,24.087
1739923200,24.085,24.327,23.402,24.083
1739937600,24.084,24.22,22.5,23.373
1739952000,23.364,23.465,22.687,23.445
1739966400,23.445,23.539,22.939,23.274
1739980800,23.265,24.2,23.234,23.935
1739995200,23.936,24.514,23.764,24.063
1740009600,24.058,24.827,23.999,24.672
1740024000,24.669,25,24.256,24.561
1740038400,24.572,25.255,24.279,24.985
1740052800,24.993,25.188,24,24.058
1740067200,24.058,24.966,24,24.563
1740081600,24.563,24.894,24.132,24.448
1740096000,24.443,24.811,24.427,24.783
1740110400,24.783,25.275,24.769,24.864
1740124800,24.857,25.345,24.83,25.019
1740139200,25.018,25.489,23.555,25.28
1740153600,25.281,25.9,23.665,24.158
1740168000,24.159,25.112,24.031,24.994
1740182400,24.994,25.15,24.626,24.836
1740196800,24.835,24.861,24.419,24.431
1740211200,24.436,24.602,24.135,24.558
1740225600,24.558,24.762,24.46,24.657
1740240000,24.658,24.82,24.352,24.791
1740254400,24.794,25,24.709,24.783
1740268800,24.777,24.794,24.123,24.343
1740283200,24.339,24.426,24.067,24.375
1740297600,24.364,24.403,23.653,23.719
1740312000,23.719,23.864,23.342,23.509
1740326400,23.499,23.98,23.328,23.546
1740340800,23.546,23.601,22.747,23.133
1740355200,23.141,23.462,22.179,22.259
1740369600,22.252,22.37,21.325,21.561
1740384000,21.561,21.94,20.747,21.929
1740398400,21.938,22.21,20.753,21.22
1740412800,21.221,21.833,20.521,20.585
1740427200,20.591,20.942,19.795,19.884
1740441600,19.884,20.314,17.823,18.5
1740456000,18.5,19.442,17.77,18.706
1740470400,18.706,19.265,17.001,18.613
1740484800,18.62,20,18.031,19.579
1740499200,19.578,20.004,18.779,19.777
1740513600,19.783,20.85,19.675,20.198
1740528000,20.203,21.405,20.022,20.727
1740542400,20.726,21.146,20.403,20.511
1740556800,20.507,20.61,19.41,20.041
1740571200,20.047,20.595,19.063,20.136
1740585600,20.136,20.369,18.487,18.717
1740600000,18.719,20.185,18.409,19.572
1740614400,19.568,20.862,19.568,20.213
1740628800,20.213,20.936,19.832,20.736
1740643200,20.737,21.214,20.374,20.734
1740657600,20.733,20.753,20,20.423
1740672000,20.42,20.65,19.813,20.176
1740686400,20.174,20.873,19.6,20.872
1740700800,20.871,20.884,18.652,18.72
1740715200,18.715,19.4,18.475,18.986
1740729600,18.988,19.841,18.851,19.502
1740744000,19.502,20.527,19.285,20.025
1740758400,20.026,20.121,19.055,19.786
1740772800,19.786,20.16,19.478,19.947
1740787200,19.948,20.509,19.58,20.479
1740801600,20.481,20.545,19.841,20.017
1740816000,20.016,20.221,18.888,19.319
1740830400,19.319,19.521,19,19.325
1740844800,19.323,19.449,18.819,19.271
1740859200,19.269,19.663,19.189,19.605
1740873600,19.602,19.968,19.504,19.766
1740888000,19.766,19.98,19.34,19.494
1740902400,19.495,19.789,19.169,19.181
1740916800,19.181,19.358,18.152,18.947
1740931200,18.959,20.998,18.823,20.2
1740945600,20.2,20.91,19.463,20.527
1740960000,20.524,21,19.641,20.054
1740974400,20.054,20.6,19.1,19.436
1740988800,19.432,19.535,18.941,19.342
1741003200,19.348,19.969,18.785,19.15
1741017600,19.151,19.258,17.48,17.788
1741032000,17.796,18.166,17.432,17.884
1741046400,17.882,18.075,15.75,16.51
1741060800,16.499,16.75,15.758,16.048
1741075200,16.047,16.664,15.3,16.238
1741089600,16.237,16.686,15.519,16.346
1741104000,16.346,17.693,15.702,17.479
1741118400,17.47,17.747,16.695,17.093
1741132800,17.092,17.907,16.921,17.199
1741147200,17.199,17.288,16.576,17.136
1741161600,17.136,17.9,17.03,17.365
1741176000,17.355,17.734,16.758,16.844
1741190400,16.84,17.291,16.316,17.264
1741204800,17.267,17.468,16.906,17.191
1741219200,17.184,17.397,16.7,17.167
1741233600,17.169,17.571,16.723,16.755
1741248000,16.756,17.401,16.713,17.027
1741262400,17.039,17.065,15.8,16.109
1741276800,16.109,16.232,14.908,15.329
1741291200,15.332,15.678,15.091,15.38
1741305600,15.381,16.45,14.646,15.7
1741320000,15.699,16.317,15.486,16.317
1741334400,16.318,16.338,15.66,15.84
1741348800,15.843,16.25,15.301,15.552
1741363200,15.541,15.95,15.141,15.762
1741377600,15.76,16.011,15.016,15.141
1741392000,15.141,15.918,15.065,15.4
1741406400,15.403,16,15.304,15.951
1741420800,15.951,15.995,15.541,15.583
1741435200,15.59,16.064,15.379,15.957
1741449600,15.954,15.968,15.457,15.78
1741464000,15.776,15.779,14.974,15.111
1741478400,15.106,15.51,15.016,15.479
1741492800,15.479,15.571,15.178,15.268
1741507200,15.257,15.297,14.807,14.921
1741521600,14.92,15.23,14.5,14.862
1741536000,14.861,15.139,14.403,15.02
1741550400,15.019,15.21,14.21,14.42
1741564800,14.422,15.094,14.174,14.95
1741579200,14.95,15.08,14.37,14.674
1741593600,14.672,15.159,14.251,15.144
1741608000,15.144,15.399,14.144,14.287
1741622400,14.29,14.316,13.15,14.01
1741636800,14.01,14.26,13.441,13.458
1741651200,13.458,14.078,12.909,13.911
1741665600,13.908,14.401,13.811,14.281
1741680000,14.279,14.706,14,14.344
1741694400,14.344,14.43,13.433,14.32
1741708800,14.32,14.777,13.069,14.3
1741723200,14.297,14.34,13.65,13.772
1741737600,13.783,14.189,13.585,13.599
1741752000,13.593,13.833,13.376,13.832
1741766400,13.832,14.07,12.436,13.812
1741780800,13.811,14.256,12.539,12.971
1741795200,12.961,13.426,12.747,12.861
1741809600,12.868,13.338,12.75,13.163
1741824000,13.16,13.657,12.91,13.257
1741838400,13.256,13.337,12.3,12.509
1741852800,12.512,12.833,12.157,12.506
1741867200,12.504,12.649,12.097,12.324
1741881600,12.332,12.99,12.04,12.276
1741896000,12.276,12.643,12.051,12.323
1741910400,12.321,12.9,12.277,12.781
1741924800,12.784,13.719,12.767,13.693
1741939200,13.692,14.099,13.35,14.069
1741953600,14.066,14.387,13.624,14.29
1741968000,14.29,14.514,14.072,14.458
1741982400,14.461,14.461,13.751,13.801
1741996800,13.793,14.299,13.765,14.298
1742011200,14.298,14.77,14.058,14.375
1742025600,14.374,14.561,14.223,14.268
1742040000,14.262,14.79,14.249,14.541
1742054400,14.541,14.8,14.192,14.431
1742068800,14.431,14.613,14.306,14.384
1742083200,14.384,14.419,13.86,14.115
1742097600,14.115,14.116,13.567,13.806
1742112000,13.812,13.826,13.34,13.347
1742126400,13.358,13.56,13.196,13.36
1742140800,13.354,13.623,13.03,13.12
1742155200,13.122,13.315,12.8,12.971
1742169600,12.973,13.594,12.956,13.512
1742184000,13.516,13.72,13.225,13.609
1742198400,13.605,14.058,13.502,13.976
1742212800,13.978,14.033,13.462,13.689
1742227200,13.688,13.788,13.5,13.642
1742241600,13.636,13.674,13.12,13.241
1742256000,13.252,13.266,12.83,13.191
1742270400,13.191,13.398,12.88,13.333
1742284800,13.335,13.48,13.181,13.331
1742299200,13.325,13.381,12.955,13.216
1742313600,13.21,13.579,13.179,13.507
1742328000,13.504,14.342,13.338,14.171
1742342400,14.169,14.537,13.779,13.952
1742356800,13.952,14.461,13.866,14.298
1742371200,14.299,15.177,14.297,15.145
1742385600,15.148,15.352,14.784,15.105
1742400000,15.106,15.284,14.421,15.009
1742414400,15.002,15.837,14.975,15.618
1742428800,15.619,15.809,14.9,14.956
1742443200,14.956,15.026,14.67,14.87
1742457600,14.87,15.112,14.48,14.811
1742472000,14.811,15.147,14.502,14.594
1742486400,14.593,14.674,13.937,14.343
1742500800,14.34,14.42,14.07,14.147
1742515200,14.152,14.55,14.136,14.433
1742529600,14.427,14.567,14.12,14.229
1742544000,14.23,14.389,13.999,14.211
1742558400,14.211,14.599,13.882,14.347
1742572800,14.346,15.4,14.318,15.258
1742587200,15.259,15.939,15.171,15.931
1742601600,15.93,16.027,15.422,15.867
1742616000,15.856,16.452,15.79,16.058
1742630400,16.055,16.749,15.969,16.056
1742644800,16.056,16.15,15.698,15.754
1742659200,15.76,15.977,15.611,15.932
1742673600,15.932,16.149,15.517,15.575
1742688000,15.575,15.99,15.5,15.825
1742702400,15.825,16.139,15.585,16.036
1742716800,16.037,16.356,15.695,16.176
1742731200,16.181,16.301,15.651,15.693
1742745600,15.694,15.829,15.457,15.757
1742760000,15.767,16.314,15.71,16.291
1742774400,16.292,16.683,15.725,16.545
1742788800,16.545,17.093,16.52,16.598
1742803200,16.597,17.259,16.596,17.182
1742817600,17.18,17.347,15.96,16.935
1742832000,16.938,17.18,16.577,17.037
1742846400,17.036,17.171,16.362,16.762
1742860800,16.772,17,16.115,16.125
1742875200,16.124,16.262,15.898,16.198
1742889600,16.201,16.572,16.126,16.505
1742904000,16.51,16.868,16.411,16.427
1742918400,16.427,16.493,15.979,16.267
1742932800,16.267,16.466,15.95,16.031
1742947200,16.036,16.458,15.626,15.697
1742961600,15.691,16.094,15.504,16.058
1742976000,16.06,16.301,15.91,16.206
1742990400,16.211,16.261,12.3,14.465
1743004800,14.463,15.044,13.48,13.933
1743019200,13.933,14.509,13.628,14.061
1743033600,14.06,14.958,13.967,14.729
1743048000,14.729,14.831,14.316,14.446
1743062400,14.452,14.79,14.261,14.437
1743076800,14.431,14.676,14,14.397
1743091200,14.389,14.586,14.252,14.397
1743105600,14.402,15.115,14.372,14.586
1743120000,14.592,14.893,14.367,14.4
1743134400,14.403,14.475,13.511,13.629
1743148800,13.61,13.962,13.5,13.944
1743163200,13.943,14.008,13.447,13.707
1743177600,13.711,13.78,13.05,13.298
1743192000,13.3,13.439,13.012,13.389
1743206400,13.391,13.591,13.028,13.14
1743220800,13.131,13.195,12.544,12.724
1743235200,12.725,12.915,12.361,12.529
1743249600,12.53,12.989,12.501,12.973
1743264000,12.973,13.071,12.449,12.78
1743278400,12.782,12.814,12.486,12.799
1743292800,12.8,12.968,12.594,12.823
1743307200,12.815,12.998,12.524,12.54
1743321600,12.538,12.673,12.239,12.597
1743336000,12.597,12.709,12.348,12.524
1743350400,12.517,12.768,12.3,12.569
1743364800,12.569,12.606,12.201,12.477
1743379200,12.484,12.623,12.2,12.36
1743393600,12.354,12.641,12.27,12.484
1743408000,12.481,12.943,12.45,12.75
1743422400,12.751,13.359,12.408,13.1
1743436800,13.101,13.725,13.076,13.088
1743451200,13.09,13.208,12.928,12.987
1743465600,12.989,13.641,12.934,13.562
1743480000,13.564,13.78,13.337,13.469
1743494400,13.469,14.003,13.392,13.49
1743508800,13.49,13.975,13.093,13.807
1743523200,13.804,13.893,13.048,13.246
1743537600,13.248,13.479,13.093,13.324
1743552000,13.323,13.37,13.023,13.174
1743566400,13.172,13.287,12.929,13.187
1743580800,13.186,13.758,13.141,13.691
1743595200,13.699,14.439,13.182,14.238
1743609600,14.24,14.282,13.504,13.752
1743624000,13.746,14.234,11.682,11.769
1743638400,11.759,12.609,11.653,12.399
1743652800,12.4,12.617,11.75,11.938
1743667200,11.94,12.044,11.17,11.266
1743681600,11.257,11.504,11.01,11.482
1743696000,11.482,11.606,11.223,11.5
1743710400,11.502,11.869,11.4,11.697
1743724800,11.699,11.976,11.605,11.773
1743739200,11.772,11.871,11.447,11.827
1743753600,11.83,12.064,11.061,11.314
1743768000,11.314,11.857,11.01,11.451
1743782400,11.451,12.159,11.41,12.118
1743796800,12.123,12.367,11.833,11.867
1743811200,11.869,12.197,11.801,11.833
1743825600,11.836,12.072,11.74,11.825
1743840000,11.825,12.109,11.747,11.927
1743854400,11.927,11.98,11.403,11.52
1743868800,11.513,11.826,11.484,11.749
1743883200,11.749,12.03,11.706,12.029
1743897600,12.03,12.081,11.676,11.689
1743912000,11.696,11.8,11.553,11.579
1743926400,11.579,11.607,11.33,11.432
1743940800,11.433,11.54,11.06,11.423
1743955200,11.423,11.429,10.23,10.622
1743969600,10.623,10.755,10.011,10.254
1743984000,10.253,10.903,9.7246,10.363
1743998400,10.355,10.412,9.3067,9.9329
1744012800,9.933,10.409,9.883,10.284
1744027200,10.284,11.564,10.144,11.081
1744041600,11.074,11.608,10.572,11.377
1744056000,11.377,11.925,11.374,11.489
1744070400,11.488,12.617,11.412,12.392
1744084800,12.39,12.584,11.805,12.003
1744099200,12.003,12.278,11.8,12.223
1744113600,12.22,12.325,11.51,11.581
1744128000,11.58,11.586,10.702,11.257
1744142400,11.257,11.435,10.948,11.216
1744156800,11.218,12.306,11.08,11.629
1744171200,11.629,12.498,11.568,12.425
1744185600,12.428,12.834,11.955,12.128
1744200000,12.129,13.031,11.925,12.912
1744214400,12.919,14.46,12.651,13.868
1744228800,13.87,14.233,13.468,13.577
1744243200,13.57,13.907,13.261,13.368
1744257600,13.371,13.831,13.241,13.817
1744272000,13.817,14.431,13.688,14.135
1744286400,14.129,14.487,13.291,13.349
1744300800,13.347,14.177,13.108,14.029
1744315200,14.024,14.448,13.97,14.172
1744329600,14.173,15,13.776,14.934
1744344000,14.937,15.515,14.846,15.347
1744358400,15.35,15.456,14.85,14.867
1744372800,14.866,15.337,14.783,15.039
1744387200,15.037,15.79,14.99,15.736
1744401600,15.735,15.989,15.5,15.694
1744416000,15.682,15.682,15.164,15.316
1744430400,15.316,15.902,15.136,15.806
1744444800,15.806,15.95,15.483,15.518
1744459200,15.518,16.3,15.31,15.938
1744473600,15.933,16.489,15.799,16.483
1744488000,16.481,16.8,16.211,16.332
1744502400,16.331,16.82,16.08,16.225
1744516800,16.227,16.46,15.939,16.003
1744531200,16.002,16.417,15.9,16.415
1744545600,16.415,16.431,15.288,15.499
1744560000,15.503,16.29,15.475,15.551
1744574400,15.554,15.703,15,15.407
1744588800,15.409,16.142,15.309,15.544
1744603200,15.544,16.078,15.527,15.943
1744617600,15.943,15.983,15.51,15.915
1744632000,15.916,16.308,15.541,15.61
1744646400,15.607,15.985,15.371,15.685
1744660800,15.69,15.878,15.428,15.719
1744675200,15.715,16.386,15.577,16.299
1744689600,16.299,16.394,16.038,16.385
1744704000,16.385,16.611,15.908,16.063
1744718400,16.066,16.454,15.507,15.702
1744732800,15.704,15.778,15.15,15.181
1744747200,15.181,15.402,15.01,15.043
1744761600,15.039,15.317,14.919,15.272
1744776000,15.273,15.308,14.8,14.829
1744790400,14.829,15.308,14.659,15.263
1744804800,15.264,16.122,15.118,15.853
1744819200,15.856,16.02,15.234,15.745
1744833600,15.744,16.263,15.71,15.759
1744848000,15.76,16.178,15.492,15.624
1744862400,15.623,16.54,15.568,16.441
1744876800,16.446,16.734,16.272,16.591
1744891200,16.589,16.758,15.92,16.504
1744905600,16.504,16.95,16.305,16.534
1744920000,16.532,17.2,16.531,17.145
1744934400,17.145,17.44,16.818,17.127
1744948800,17.128,17.15,16.69,16.965
1744963200,16.966,17.063,16.435,16.608
1744977600,16.609,16.834,16.422,16.433
1744992000,16.438,16.978,16.328,16.796
1745006400,16.796,17.193,16.705,17.064
1745020800,17.064,17.477,16.661,17.477
1745035200,17.477,18.277,17.437,18.189
1745049600,18.19,18.233,17.88,17.961
1745064000,17.963,18.184,17.736,18.022
1745078400,18.022,18.137,17.541,17.789
1745092800,17.79,18.076,17.673,18.07
1745107200,18.07,18.472,17.982,18.463
1745121600,18.467,18.488,17.663,17.735
1745136000,17.624,17.764,17.439,17.529
1745150400,17.517,17.815,17.127,17.294
1745164800,17.294,17.7,17.25,17.664
1745179200,17.664,17.823,17.222,17.575
1745193600,17.58,18.42,17.58,17.899
1745208000,17.898,18.381,17.8,18.295
1745222400,18.297,18.459,17.812,17.9
1745236800,17.898,18.306,17.706,18.06
1745251200,18.06,18.082,17.174,17.831
1745265600,17.828,18.218,17.767,18.194
1745280000,18.192,18.681,17.817,18.577
1745294400,18.577,18.691,18.092,18.268
1745308800,18.268,18.483,18.097,18.477
1745323200,18.479,18.899,18.371,18.555
1745337600,18.559,18.828,18.369,18.82
1745352000,18.82,19.231,18.58,19.169
1745366400,19.169,19.214,18.608,19.087
1745380800,19.087,19.231,18.727,18.944
1745395200,18.947,19.112,18.741,18.829
1745409600,18.82,19.075,18.11,18.483
1745424000,18.484,18.774,18.054,18.379
1745438400,18.384,18.657,18.181,18.457
1745452800,18.455,18.597,18.025,18.026
1745467200,18.029,18.288,17.918,17.938
1745481600,17.938,18.2,17.71,17.834
1745496000,17.835,18.288,17.733,18.21
1745510400,18.212,19.026,17.85,18.892
1745524800,18.897,18.974,18.445,18.761
1745539200,18.756,19.059,18.473,18.652
1745553600,18.652,18.842,18.543,18.82
1745568000,18.825,19.121,18.769,19.041
1745582400,19.041,19.199,18.485,18.53
1745596800,18.529,18.617,18.18,18.301
1745611200,18.301,18.426,18.155,18.392
1745625600,18.392,18.44,18.01,18.381
1745640000,18.383,18.401,17.931,18.1
1745654400,18.086,18.34,17.618,17.676
1745668800,17.675,17.867,17.493,17.781
1745683200,17.781,17.945,17.671,17.865
1745697600,17.865,18.198,17.747,17.908
1745712000,17.908,18.258,17.623,17.695
1745726400,17.695,17.82,17.342,17.526
1745740800,17.523,17.65,17.476,17.596
1745755200,17.596,18.02,17.442,17.975
1745769600,17.975,17.996,17.653,17.69
1745784000,17.69,17.758,17.35,17.393
1745798400,17.393,17.71,16.906,17.578
1745812800,17.58,18.392,17.578,18.266
1745827200,18.264,18.578,18.235,18.267
1745841600,18.263,18.365,17.122,17.486
1745856000,17.493,17.817,17.241,17.699
1745870400,17.706,18.761,17.529,18.677
1745884800,18.674,19,18.308,18.641
1745899200,18.647,18.994,18.282,18.909
1745913600,18.91,18.979,18.723,18.829
1745928000,18.826,18.945,18.565,18.862
1745942400,18.871,19.06,18.661,19.047
1745956800,19.047,19.125,18.172,18.608
1745971200,18.601,18.649,18.257,18.559
1745985600,18.559,18.571,18.253,18.404
1746000000,18.403,18.769,18.355,18.766
1746014400,18.759,18.79,17.646,18.341
1746028800,18.341,18.889,18.141,18.767
1746043200,18.77,20.118,18.721,19.996
1746057600,19.99,20.278,19.258,19.38
1746072000,19.369,20.001,19.271,19.905
1746086400,19.92,20.071,19.804,20.029
1746100800,20.028,21.152,19.995,20.269
1746115200,20.27,20.45,19.967,20.253
1746129600,20.267,20.385,19.77,19.931
1746144000,19.931,20.625,19.893,20.58
1746158400,20.582,20.709,20.012,20.206
1746172800,20.206,20.533,20.137,20.174
1746187200,20.18,21.19,20.167,21.167
1746201600,21.166,21.428,20.783,20.933
1746216000,20.949,21.127,20.721,20.803
1746230400,20.81,20.904,20.535,20.742
1746244800,20.744,20.812,20.528,20.581
1746259200,20.574,20.69,20.17,20.322
1746273600,20.323,20.9,20.319,20.661
1746288000,20.661,21.486,20.043,21.25
1746302400,21.25,21.404,20.9,20.952
1746316800,20.95,21.224,20.473,20.594
1746331200,20.597,20.921,20.521,20.568
1746345600,20.568,20.877,20.379,20.866
1746360000,20.866,20.979,20.683,20.708
1746374400,20.707,20.807,20.256,20.275
1746388800,20.268,20.55,19.761,19.898
1746403200,19.898,20.396,19.787,20.382
1746417600,20.383,20.725,20.264,20.668
1746432000,20.667,20.689,19.924,20.018
1746446400,20.023,20.222,19.708,20.012
1746460800,20.013,20.4,19.936,20.213
1746475200,20.214,20.434,19.876,20.276
1746489600,20.276,20.543,19.963,20.223
1746504000,20.223,20.332,20.061,20.126
1746518400,20.127,20.159,19.539,19.644
1746532800,19.646,20.588,19.387,20.518
1746547200,20.518,20.788,20.217,20.641
1746561600,20.641,21.104,20.102,20.955
1746576000,20.955,21.299,20.701,20.751
1746590400,20.751,21.237,20.697,21.196
1746604800,21.192,21.416,21.101,21.375
1746619200,21.373,21.417,21.042,21.089
1746633600,21.08,21.226,20.778,20.828
1746648000,20.825,21.242,20.763,21.046
1746662400,21.049,21.462,20.843,21.462
1746676800,21.462,21.9,21.151,21.773
1746691200,21.777,21.999,21.522,21.552
1746705600,21.552,21.984,21.363,21.87
1746720000,21.879,22,21.663,21.941
1746734400,21.944,23.5,21.93,23.299
1746748800,23.297,23.969,22.925,23.532
1746763200,23.539,25.143,23.483,24.758
1746777600,24.758,25.72,24.314,24.822
1746792000,24.826,25.459,24.244,24.82
1746806400,24.821,25.168,24.392,25.164
1746820800,25.16,25.266,24.581,24.688
1746835200,24.693,25,24.45,24.488
1746849600,24.486,25.376,24.294,25.323
1746864000,25.324,25.707,24.98,25.219
1746878400,25.215,25.627,24.867,24.923
1746892800,24.925,25.467,24.841,25.292
1746907200,25.292,26.261,25.182,26.222
1746921600,26.221,26.493,25.214,25.262
1746936000,25.261,25.557,23.738,23.952
1746950400,23.954,24.948,23.91,24.869
1746964800,24.879,25.015,23.811,23.951
1746979200,23.97,25.168,23.851,24.457
1746993600,24.457,25.259,24.449,24.885
1747008000,24.885,25.219,24.241,24.662
1747022400,24.666,25.68,24.497,24.867
1747036800,24.867,25.53,24.61,24.682
1747051200,24.682,25.398,24.467,24.489
1747065600,24.495,24.764,23.257,24.288
1747080000,24.269,25.064,24.123,24.821
1747094400,24.824,24.828,23.418,23.57
1747108800,23.566,24.661,23.49,24.636
1747123200,24.637,25.223,24.62,25.025
1747137600,25.024,25.599,24.72,25.239
1747152000,25.241,26.416,25.134,26.262
1747166400,26.249,26.339,25.71,25.8
1747180800,25.788,25.971,25.336,25.612
1747195200,25.605,26.179,25.449,25.836
1747209600,25.835,25.959,25.132,25.5
1747224000,25.501,25.758,25.114,25.623
1747238400,25.623,25.68,24.594,25.075
1747252800,25.081,25.24,24.853,25.191
1747267200,25.2,25.551,24.8,24.824
1747281600,24.828,25.03,24.284,24.307
1747296000,24.307,24.988,24.274,24.842
1747310400,24.843,25.334,24.396,25.302
1747324800,25.311,26,25.12,25.54
1747339200,25.542,26.166,25.358,26.098
1747353600,26.1,27.224,25.757,26.942
1747368000,26.943,26.965,26.424,26.698
1747382400,26.706,27.033,26.256,26.817
1747396800,26.818,27.79,26.539,27.758
1747411200,27.775,28.177,27.439,27.811
1747425600,27.809,27.865,26.728,26.8
1747440000,26.799,27.418,26.276,27.397
1747454400,27.404,27.673,26.642,26.65
1747468800,26.651,27.525,26.5,27.256
1747483200,27.248,27.277,26.2,26.352
1747497600,26.353,26.5,25.77,25.789
1747512000,25.788,26.013,25.572,25.84
1747526400,25.841,26.502,25.824,26.345
1747540800,26.345,27.153,26.233,26.94
1747555200,26.94,27.11,26.555,26.881
1747569600,26.882,27.322,26.692,27.026
1747584000,27.024,27.106,25.961,26.081
1747598400,26.091,27.187,25.827,27.055
1747612800,27.054,27.235,25.838,25.86
1747627200,25.858,26.199,25.184,26.041
1747641600,26.046,26.225,25.214,25.419
1747656000,25.419,26.173,24.998,25.784
1747670400,25.767,26.524,25.6,26.516
1747684800,26.517,26.804,26.183,26.523
1747699200,26.525,27,26.276,26.625
1747713600,26.625,26.736,26.285,26.43
1747728000,26.43,26.723,26.07,26.079
1747742400,26.083,26.134,25.55,26.048
1747756800,26.049,26.221,25.484,25.965
1747771200,25.965,26.512,25.757,26.505
1747785600,26.51,26.537,26.076,26.479
1747800000,26.477,26.807,26.177,26.268
1747814400,26.268,26.727,26.245,26.635
1747828800,26.635,27.7,26.313,27.694
1747843200,27.694,28.23,26.832,28.056
1747857600,28.066,28.3,27.482,28.268
1747872000,28.275,30.818,28.15,30.533
1747886400,30.542,31.241,30.081,31.232
1747900800,31.235,31.821,30.652,30.929
1747915200,30.926,32.5,30.518,32.185
1747929600,32.181,34,32.088,32.614
1747944000,32.605,33.469,32.15,33.413
1747958400,33.403,36,32.88,35.557
1747972800,35.557,35.618,34.308,34.848
1747987200,34.844,37.516,34.67,35.457
1748001600,35.457,36.731,33.95,35.065
1748016000,35.058,35.255,33.786,34.405
1748030400,34.412,34.5,32.345,33.04
1748044800,33.032,33.46,32.125,33.425
1748059200,33.43,34.203,32.611,33.669
1748073600,33.669,35.524,33.669,34.825
1748088000,34.821,35.093,33.98,34.923
1748102400,34.917,35.637,34.26,35.289
1748116800,35.283,36.4,34.66,34.795
1748131200,34.805,35.093,33.667,34.328
1748145600,34.321,35.437,34.219,34.911
1748160000,34.917,36.435,34.234,36.188
1748174400,36.201,38.742,36.155,37.775
1748188800,37.775,39.353,37.05,39.037
1748203200,39.026,39.309,37.7,39.094
1748217600,39.08,39.88,37.9,38.078
1748232000,38.076,39.525,38.029,39.068
1748246400,39.085,39.3,37.45,38.624
1748260800,38.631,38.642,37.061,37.969
1748275200,37.965,38.376,36.473,36.903
1748289600,36.905,38.003,36.66,37.057
1748304000,37.059,37.333,35.944,36.884
1748318400,36.878,38.15,36.736,37.589
1748332800,37.589,38.091,36.547,37.843
1748347200,37.848,38.822,37.051,37.633
1748361600,37.622,38.55,37.02,37.121
1748376000,37.122,37.28,35.582,35.727
1748390400,35.728,36.301,35.199,35.547
1748404800,35.543,36.1,35.191,35.644
1748419200,35.652,35.83,35.036,35.633
1748433600,35.631,36.1,33.296,33.817
1748448000,33.823,34.79,32.64,33.11
1748462400,33.11,34.705,32.5,34.296
1748476800,34.294,35.154,33.711,34.031
1748491200,34.037,34.799,33.24,34.55
1748505600,34.557,35.128,33.786,34.145
1748520000,34.145,34.146,31.3,31.84
1748534400,31.843,33.185,31.663,31.812
1748548800,31.809,32.636,31.3,31.364
1748563200,31.366,32.821,30.596,32.582
1748577600,32.582,32.69,31.9,32.662
1748592000,32.675,33.893,32.347,32.994
1748606400,32.994,33.59,31.295,32.499
1748620800,32.502,34.309,31.702,33.402
1748635200,33.402,33.778,31.972,32.8
1748649600,32.8,33.627,30.9,31.643
1748664000,31.64,32.163,31.019,31.477
1748678400,31.482,31.65,30.738,31.367
1748692800,31.372,33.199,31.352,32.654
1748707200,32.659,33.151,32.427,32.911
1748721600,32.909,33.411,32.67,32.683
1748736000,32.684,32.883,32.178,32.561
1748750400,32.561,33.363,32.234,32.48
1748764800,32.481,32.5,31.64,31.854
1748779200,31.856,32.512,31.508,32.454
1748793600,32.456,33.365,32.371,33.352
1748808000,33.348,34.308,33.216,34.185
1748822400,34.185,34.363,33.245,33.491
1748836800,33.491,33.746,32.479,33.606
1748851200,33.606,34.094,32.438,32.649
1748865600,32.646,33.661,32.411,33.65
1748880000,33.651,35.593,33.231,35.444
1748894400,35.444,36.65,35.346,36.475
1748908800,36.475,36.948,35.647,35.836
1748923200,35.835,36.335,35.627,36.12
1748937600,36.12,37.777,35.777,37.548
1748952000,37.533,38.22,37.12,37.855
1748966400,37.862,38.032,36.566,37.04
1748980800,37.034,37.062,35.698,36.044
1748995200,36.044,37.023,35.73,36.578
1749009600,36.578,36.803,35.993,36.228
1749024000,36.209,37.187,36.099,36.612
1749038400,36.61,37.119,36.001,36.853
1749052800,36.852,37.186,35.919,36.033
1749067200,36.032,36.197,34.492,35.593
1749081600,35.596,36.371,35.262,35.445
1749096000,35.444,35.714,34.442,34.717
1749110400,34.721,35.262,34.534,35.228
1749124800,35.228,35.633,34.212,34.988
1749139200,34.985,34.985,33,33.53
1749153600,33.53,34.686,32.4,33.971
1749168000,33.966,34.486,33.513,34.48
1749182400,34.479,35.05,34.243,34.627
1749196800,34.627,34.946,34.289,34.436
1749211200,34.426,35.626,34.143,35.046
1749225600,35.048,35.062,33.51,33.82
1749240000,33.82,34.145,33,33.315
1749254400,33.313,34.16,32.987,33.972
1749268800,33.969,34.301,33.812,34.007
1749283200,34.006,34.023,33.505,33.86
1749297600,33.859,34.92,33.846,34.648
1749312000,34.648,34.926,34.334,34.364
1749326400,34.369,35.146,34.341,34.913
1749340800,34.912,35.312,34.489,35.178
1749355200,35.184,35.45,34.863,35.406
1749369600,35.404,35.594,35.056,35.502
1749384000,35.502,35.595,34.891,35.185
1749398400,35.205,36.3,35.173,35.976
1749412800,35.981,36.03,34.835,34.983
1749427200,34.982,35.58,34.711,35.512
1749441600,35.512,35.64,34.777,35.042
1749456000,35.043,37.586,35.02,37.396
1749470400,37.399,37.724,36.492,37.628
1749484800,37.631,38.2,37.567,37.673
1749499200,37.673,38.939,37.353,38.855
1749513600,38.855,39.4,38.457,39.145
1749528000,39.151,39.6,38.626,39.075
1749542400,39.074,41.75,38.888,41.567
1749556800,41.562,41.678,39.601,40.133
1749571200,40.129,41.646,39.741,41.103
1749585600,41.099,42.318,40.834,42.186
1749600000,42.188,42.323,40.774,41.776
1749614400,41.78,42.776,41.467,42.579
1749628800,42.579,43,41.116,41.326
1749643200,41.329,43.94,41.15,43.514
1749657600,43.513,43.739,41.93,42.266
1749672000,42.264,42.637,40.691,41.805
1749686400,41.805,42.055,40.57,41.862
1749700800,41.856,42.19,41.332,41.47
1749715200,41.464,41.714,40.299,40.399
1749729600,40.399,43.491,40.3,42.447
1749744000,42.433,43.871,41.69,41.86
1749758400,41.856,42,40.304,40.509
1749772800,40.508,40.508,37.184,39.081
1749787200,39.09,39.836,38.239,39.387
1749801600,39.387,40.41,38.931,40.106
1749816000,40.108,41.529,39.003,41.206
1749830400,41.209,42.051,40.094,40.757
1749844800,40.758,42.678,40.728,42.277
1749859200,42.277,42.634,41.52,41.734
1749873600,41.735,42.67,41.651,42.414
1749888000,42.416,42.5,41.03,41.155
1749902400,41.15,41.635,40.288,40.457
1749916800,40.466,40.63,39.192,39.261
1749931200,39.253,40.251,38.8,40.107
1749945600,40.102,40.789,39.921,39.961
1749960000,39.958,41.117,39.807,40.6
1749974400,40.601,40.618,39.833,40.181
1749988800,40.182,41.144,39.655,40.782
1750003200,40.787,41.447,40.611,40.925
1750017600,40.925,41.368,40.067,41.166
1750032000,41.167,42.4,40.676,42.085
1750046400,42.092,44.801,42.068,44.654
1750060800,44.654,44.822,43.671,44.499
1750075200,44.499,45.758,43.993,44.593
1750089600,44.575,45.25,44.179,44.354
1750104000,44.339,44.62,41.739,41.899
1750118400,41.898,43.25,41.123,43.146
1750132800,43.146,43.518,42.041,42.25
1750147200,42.242,42.375,40,40.451
1750161600,40.453,40.699,39.169,39.584
1750176000,39.576,41.328,38.243,40.599
1750190400,40.603,40.884,38.965,39.98
1750204800,39.979,40.687,39.649,40.356
1750219200,40.357,41.13,39.981,40.26
1750233600,40.258,40.829,38.667,39.192
1750248000,39.179,40.357,37.521,39.019
1750262400,39.012,39.277,37.712,37.72
1750276800,37.732,39.643,37.662,39.45
1750291200,39.45,39.95,38.111,38.483
1750305600,38.489,38.5,37.458,37.823
1750320000,37.823,38.463,37,37.439
1750334400,37.435,37.969,36.026,36.245
1750348800,36.244,37.577,35.943,36.319
1750363200,36.321,37.092,35.792,36.872
1750377600,36.867,37.1,35.997,36.066
1750392000,36.06,37.66,35.51,37.649
1750406400,37.659,37.908,36.641,37.081
1750420800,37.081,37.773,35.593,35.692
1750435200,35.696,35.78,33.369,34.577
1750449600,34.574,35.053,33.056,33.338
1750464000,33.33,34.78,32.823,34.484
1750478400,34.484,35.04,34.354,34.978
1750492800,34.983,35.311,34.779,35.235
1750507200,35.233,35.324,32.882,33.281
1750521600,33.282,33.4,31.748,31.825
1750536000,31.821,34.519,31.2,34.396
1750550400,34.396,34.505,32.696,33.189
1750564800,33.193,34.616,33.113,33.849
1750579200,33.843,34.419,33.205,33.845
1750593600,33.845,33.999,31.521,32.862
1750608000,32.863,34.29,32.322,33.599
1750622400,33.597,36,33.258,35.706
1750636800,35.725,36.171,35,35.286
1750651200,35.286,35.944,35.079,35.898
1750665600,35.889,36.525,34.687,35.108
1750680000,35.108,36.69,34.333,34.498
1750694400,34.493,37.5,33.275,37.26
1750708800,37.263,38.499,36.702,38.221
1750723200,38.221,38.321,36.484,37.098
1750737600,37.095,37.95,36.681,37.002
1750752000,37.002,37.426,36.313,37.144
1750766400,37.143,38.358,36.795,37.785
1750780800,37.783,38.947,36.733,37.18
1750795200,37.172,37.727,36.901,37.513
1750809600,37.514,38.789,37.182,38.107
1750824000,38.113,38.473,37.222,37.989
1750838400,37.987,38.637,37.529,38.457
1750852800,38.452,39.134,37.112,37.47
1750867200,37.479,37.582,36.67,37.268
1750881600,37.268,37.816,36.7,37.009
1750896000,37.009,38.105,36.682,37.589
1750910400,37.574,37.983,36.852,37.635
1750924800,37.637,37.909,36.913,37.383
1750939200,37.384,37.99,36.789,37.379
1750953600,37.375,37.568,36.02,36.684
1750968000,36.687,37.659,35.599,35.76
1750982400,35.76,36.768,35.321,36.729
1750996800,36.72,36.93,36.146,36.281
1751011200,36.283,37.284,36.214,36.909
1751025600,36.912,37.201,36.206,36.81
1751040000,36.811,37.154,35.791,35.974
1751054400,35.974,36.619,35.889,36.611
1751068800,36.611,36.891,36.221,36.838
1751083200,36.836,37.146,36.536,37.121
1751097600,37.115,37.428,36.861,36.882
1751112000,36.881,36.944,36.571,36.887
1751126400,36.887,37.862,36.857,37.538
1751140800,37.549,37.904,37.441,37.813
1751155200,37.815,38.011,37.613,37.725
1751169600,37.725,38.436,37.44,38.428
1751184000,38.432,38.871,38.225,38.822
1751198400,38.821,39.334,38.427,38.436
1751212800,38.435,38.55,37.953,38.234
1751227200,38.236,39.874,37.993,39.759
1751241600,39.76,41.09,39.424,40.869
1751256000,40.866,41.212,39.756,40.052
1751270400,40.059,40.191,39.52,39.957
1751284800,39.956,40.358,39.204,39.917
1751299200,39.917,40.894,39.709,40.855
1751313600,40.853,41.19,39.363,39.571
1751328000,39.572,39.811,39.052,39.463
1751342400,39.468,39.473,38.44,38.989
1751356800,38.972,39.448,38.578,39.321
1751371200,39.316,39.47,38.45,39.024
1751385600,39.024,39.479,37,37.023
1751400000,37.023,37.721,36.743,36.882
1751414400,36.881,37.6,36.808,37.424
1751428800,37.422,38.288,37.227,38.119
1751443200,38.119,38.883,38.119,38.277
1751457600,38.273,39.009,37.825,38.916
1751472000,38.911,39.75,38.563,39.387
1751486400,39.387,40.414,39.282,39.906
1751500800,39.905,40.376,39.686,39.828
1751515200,39.838,40.816,39.74,40.794
1751529600,40.797,41.024,40.329,40.364
1751544000,40.359,41.222,39.862,39.99
1751558400,39.989,40.756,39.635,40.406
1751572800,40.406,40.804,40.164,40.254
1751587200,40.252,40.455,39.122,39.251
1751601600,39.251,39.491,38.361,38.533
1751616000,38.532,39.053,38.25,38.764
1751630400,38.764,38.847,37.786,37.908
1751644800,37.901,38.678,37.561,38.326
1751659200,38.326,39.191,38.289,39.005
1751673600,39.005,39.349,38.71,39.146
1751688000,39.148,39.666,38.931,39.523
1751702400,39.521,39.638,39.074,39.217
1751716800,39.217,39.644,39.055,39.314
1751731200,39.314,39.467,38.203,38.691
1751745600,38.689,39.29,38.532,39.141
1751760000,39.141,39.48,38.854,39.283
1751774400,39.279,39.448,38.809,38.942
1751788800,38.944,39.055,38.656,39.014
1751803200,39.015,39.698,38.845,39.365
1751817600,39.367,39.543,39.057,39.382
1751832000,39.382,40.049,39.381,39.851
1751846400,39.852,40.163,39.505,39.843
1751860800,39.85,39.961,39.59,39.931
1751875200,39.93,40.026,39.497,39.591
1751889600,39.591,39.868,39.38,39.459
1751904000,39.469,39.576,38.67,38.9
1751918400,38.904,38.904,38,38.557
1751932800,38.555,38.885,37,37.381
1751947200,37.38,37.888,36.964,37.888
1751961600,37.888,38.411,37.591,38.183
1751976000,38.185,38.429,37.519,37.619
1751990400,37.618,39.119,37.498,38.965
1752004800,38.966,38.979,38.55,38.834
1752019200,38.834,39.344,38.777,38.829
1752033600,38.826,39.4,38.821,39.381
1752048000,39.381,39.5,38.918,39.312
1752062400,39.312,39.68,38.771,39.087
1752076800,39.087,41.012,39.087,40.714
1752091200,40.709,41.047,40.092,40.689
1752105600,40.689,41.718,40.527,41.405
1752120000,41.4,41.938,41.117,41.76
1752134400,41.759,41.925,41.003,41.338
1752148800,41.339,41.831,40.721,41.827
1752163200,41.829,43.139,41.753,42.784
1752177600,42.785,44,42.716,43.788
1752192000,43.786,44.59,43.116,44.585
1752206400,44.58,46.162,44.263,45.245
1752220800,45.245,46.319,45.245,45.586
1752235200,45.591,46.356,45.11,45.202
1752249600,45.198,46.79,45.087,46.776
1752264000,46.79,46.848,45.177,46.301
1752278400,46.3,46.516,45.701,46.384
1752292800,46.384,47.071,45.866,46.759
1752307200,46.767,47.322,46.527,46.669
1752321600,46.658,46.827,45.189,45.455
1752336000,45.454,46.861,45.091,46.703
1752350400,46.702,47.333,46.196,47.099
1752364800,47.098,47.825,46.953,47.447
1752379200,47.442,48,47.161,47.966
1752393600,47.965,48.177,47.606,48.044
1752408000,48.041,48.768,47.736,48.398
1752422400,48.393,49.192,48.084,49.027
1752436800,49.027,49.22,47.801,48.919
1752451200,48.905,49.78,48.807,49.598
1752465600,49.6,49.798,48.523,49.29
1752480000,49.292,49.386,47.994,48.374
1752494400,48.374,49.012,47.362,47.715
1752508800,47.714,48.248,46.531,46.879
1752523200,46.877,47.617,46.455,47.553
1752537600,47.553,47.945,46.816,47.279
1752552000,47.277,48.336,46.715,47.49
1752566400,47.49,47.519,46.63,47.081
1752580800,47.091,48.247,46.803,47.393
1752595200,47.393,48,47.06,47.22
1752609600,47.221,48.149,47.045,47.83
1752624000,47.829,48.5,47.2,47.217
1752638400,47.22,47.96,47.139,47.754
1752652800,47.753,48.274,47.58,47.892
1752667200,47.893,48.253,47.24,47.97
1752681600,47.974,48.487,47.416,48.294
1752696000,48.292,48.442,46.556,47.044
1752710400,47.044,47.426,45.575,46.025
1752724800,46.025,46.978,45.776,46.664
1752739200,46.664,46.918,45.763,46.052
1752753600,46.051,46.949,45.706,46.828
1752768000,46.828,46.889,45.8,45.866
1752782400,45.871,46.908,44.4,45.605
1752796800,45.604,46.785,44.9,46.445
1752811200,46.44,47.359,46.014,46.221
1752825600,46.22,46.516,45.4,45.558
1752840000,45.558,45.946,44.18,44.49
1752854400,44.495,44.835,43.2,43.492
1752868800,43.496,44.544,43.247,44.348
1752883200,44.347,45.301,44.272,45.181
1752897600,45.176,45.299,44.364,44.595
1752912000,44.594,45.2,44.361,44.8
1752926400,44.799,45.019,44.073,44.765
1752940800,44.77,45.242,44.365,44.9
1752955200,44.902,45.104,44,44.481
1752969600,44.476,45.122,44.2,44.957
1752984000,44.956,45.158,44.709,45.051
1752998400,45.058,45.733,45.058,45.621
1753012800,45.621,46.684,45.412,46.669
1753027200,46.677,47.375,46.347,46.644
1753041600,46.643,46.851,45.31,46.021
1753056000,46.025,46.732,45.329,46.622
1753070400,46.62,47.389,46.493,46.95
1753084800,46.95,47.79,46.851,47.401
1753099200,47.4,47.577,46.241,46.449
1753113600,46.456,46.472,44.266,44.397
1753128000,44.4,45.222,44.075,44.31
1753142400,44.313,45.64,43.618,44.299
1753156800,44.304,44.325,43.107,43.754
1753171200,43.752,45.192,43.33,45.144
1753185600,45.149,45.407,43.392,44.314
1753200000,44.316,44.836,43.591,44.282
1753214400,44.281,46.302,44.13,46.25
1753228800,46.246,46.306,44.793,45.167
1753243200,45.162,45.262,44.044,44.096
1753257600,44.095,44.446,43.648,44.015
1753272000,44.015,44.098,42.802,43.48
1753286400,43.478,43.9,42.5,43.627
1753300800,43.62,44.224,42.818,43.74
1753315200,43.74,44.43,43.526,43.909
1753329600,43.917,44.079,41.542,42.497
1753344000,42.498,43.061,41.653,43.016
1753358400,43.016,43.585,42.456,43.047
1753372800,43.047,43.108,42,42.832
1753387200,42.83,43.192,42.029,42.118
1753401600,42.118,42.458,41.173,41.445
1753416000,41.446,42.72,41.229,42.126
1753430400,42.127,43.346,41.985,43.063
1753444800,43.065,43.252,42.066,42.416
1753459200,42.415,43.203,42.269,42.829
1753473600,42.831,44.232,42.5,44.188
1753488000,44.188,44.56,43.818,44.251
1753502400,44.249,44.888,44.194,44.313
1753516800,44.313,44.959,44.305,44.344
1753531200,44.343,44.602,43.95,44.195
1753545600,44.197,44.25,43.584,43.933
1753560000,43.933,44.25,43.192,43.32
1753574400,43.323,43.553,43.033,43.488
1753588800,43.485,43.795,43.063,43.137
1753603200,43.137,43.211,42.805,42.89
1753617600,42.898,43.15,42.439,43.081
1753632000,43.082,44.311,42.587,43.723
1753646400,43.721,44.039,43.523,43.676
1753660800,43.668,44.35,43.443,44.348
1753675200,44.348,44.89,44.043,44.228
1753689600,44.233,44.749,43.941,44.326
1753704000,44.326,45.753,43.972,45.155
1753718400,45.149,46.105,44.347,45.018
1753732800,45.019,45.049,42.654,43.777
1753747200,43.777,44.247,43.112,44.194
1753761600,44.196,44.729,43.7,44.642
1753776000,44.649,45.248,44.091,44.797
1753790400,44.797,45.367,42.299,43.239
1753804800,43.245,44.352,42.904,43.938
1753819200,43.942,44.301,42.715,43.547
1753833600,43.552,43.63,42.422,43.34
1753848000,43.343,43.714,42.899,42.978
1753862400,42.984,43.314,42.376,42.673
1753876800,42.682,43.435,42.261,43.03
1753891200,43.034,43.344,41.274,42.311
1753905600,42.303,42.576,41.683,42.231
1753920000,42.231,43.15,41.587,43.101
1753934400,43.102,43.599,42.865,43.447
1753948800,43.446,44.143,43.446,43.544
1753963200,43.543,44.449,43.281,43.743
1753977600,43.744,44.732,41.56,41.592
1753992000,41.591,41.9,40.6,40.755
1754006400,40.756,41.629,40.303,41.176
1754020800,41.181,41.182,39.5,39.989
1754035200,39.983,40.119,39.215,40.058
1754049600,40.055,40.4,38.029,39.148
1754064000,39.155,39.549,37.051,37.376
1754078400,37.372,37.941,36.327,37.592
1754092800,37.592,38.2,37.544,38.064
1754107200,38.065,38.497,37.557,38.486
1754121600,38.486,38.728,37.974,38.373
1754136000,38.37,38.423,37.171,37.195
1754150400,37.194,37.65,35.515,36.104
1754164800,36.105,37.49,36.093,36.909
1754179200,36.907,37.848,36.391,37.731
1754193600,37.73,38.437,37.483,38.369
1754208000,38.365,39.285,38.206,38.54
1754222400,38.542,38.573,37.541,37.972
1754236800,37.952,38.677,37.778,38.428
1754251200,38.43,38.672,38.068,38.184
1754265600,38.184,39.038,38.032,38.27
1754280000,38.267,38.49,37.564,38.348
1754294400,38.348,38.543,37.252,37.582
1754308800,37.582,39.013,37.517,38.363
1754323200,38.376,39.5,37.585,37.654
1754337600,37.656,39.049,37.514,38.787
1754352000,38.788,39.048,38.332,38.429
1754366400,38.424,39.268,38.017,38.264
1754380800,38.261,39.74,38.019,39.685
1754395200,39.684,39.861,38.096,38.116
1754409600,38.11,38.93,37.681,38.079
1754424000,38.083,38.626,37.4,38.495
1754438400,38.495,38.559,37.036,37.274
1754452800,37.27,37.843,37,37.843
1754467200,37.839,37.85,37.162,37.473
1754481600,37.475,38.85,37.286,38.79
1754496000,38.79,39.232,38.234,38.371
1754510400,38.371,38.43,37.916,38.093
1754524800,38.096,38.4,37.619,37.7
1754539200,37.699,38.223,37.656,37.951
1754553600,37.963,39.445,37.818,39.2
1754568000,39.203,39.645,38.806,39.569
1754582400,39.569,39.951,38.684,39.912
1754596800,39.912,41.019,39.622,40.922
1754611200,40.921,41.234,40.4,40.894
1754625600,40.887,41.269,40.148,40.813
1754640000,40.814,41.54,40.474,41.462
1754654400,41.461,41.788,40.5,40.621
1754668800,40.617,41.744,40.251,40.729
1754683200,40.73,41.347,40.63,41.001
1754697600,41.012,41.256,40.6,40.968
1754712000,40.969,42.702,40.878,42.7
1754726400,42.7,43.77,42.7,43.306
1754740800,43.307,44.057,43.126,43.591
1754755200,43.591,44.021,43.329,43.882
1754769600,43.875,44.716,43.609,43.649
1754784000,43.649,44.562,43.616,44.25
1754798400,44.25,44.486,43.144,43.181
1754812800,43.183,43.879,42.874,43.719
1754827200,43.72,45.095,43.435,45.022
1754841600,45.025,45.476,44.717,45.326
1754856000,45.327,45.348,44.5,45.262
1754870400,45.262,46.384,45.13,45.927
1754884800,45.928,46.776,45.928,46.025
1754899200,46.025,46.234,44.623,44.82
1754913600,44.823,45.103,43.869,44.706
1754928000,44.705,44.899,43.453,43.728
1754942400,43.725,44.224,42.589,43.197
1754956800,43.197,43.991,43.063,43.317
1754971200,43.309,43.734,42.84,43.362
1754985600,43.362,43.44,42.23,42.801
1755000000,42.801,44.565,42.425,44.525
1755014400,44.517,44.886,43.65,44.371
1755028800,44.372,45.841,44.186,44.75
1755043200,44.749,45.068,43.838,44.574
1755057600,44.575,45.2,43.079,44.229
1755072000,44.228,46.585,44.057,46.496
1755086400,46.496,47.017,45.045,45.395
1755100800,45.395,47.9,45.32,47.841
1755115200,47.841,47.97,46.358,47.645
1755129600,47.65,48.772,47.129,48.565
1755144000,48.558,48.88,46.561,46.898
1755158400,46.902,47.355,46.095,47.179
1755172800,47.183,47.414,44.21,44.726
1755187200,44.72,46.516,44.038,45.8
1755201600,45.8,46.445,44.507,45.544
1755216000,45.544,49.488,45.369,49.488
1755230400,49.488,49.5,48.001,48.347
1755244800,48.345,49.142,48.05,48.308
1755259200,48.308,48.679,45.562,46.283
1755273600,46.286,47.179,45.868,46.202
1755288000,46.196,48.559,46.022,47.794
1755302400,47.797,48.263,47.572,47.826
1755316800,47.83,48,46.878,47.279
1755331200,47.279,47.535,46.412,46.428
1755345600,46.424,47.13,46.171,46.562
1755360000,46.562,47.13,46.447,46.791
1755374400,46.791,47.022,46.224,46.32
1755388800,46.323,46.749,45.88,46.649
1755403200,46.654,47.335,46.64,47.33
1755417600,47.333,47.812,47.181,47.65
1755432000,47.649,47.749,46.638,47.081
1755446400,47.081,47.199,45.975,46.117
1755460800,46.117,46.807,45.95,46.04
1755475200,46.042,46.167,43.862,44.118
1755489600,44.123,44.344,42.867,43.51
1755504000,43.51,43.986,42.991,43.092
1755518400,43.089,44.213,42.934,44.213
1755532800,44.214,44.747,43.541,43.579
1755547200,43.575,44.338,43.1,43.349
1755561600,43.353,43.544,41.778,42.096
1755576000,42.096,42.382,41.595,42.022
1755590400,42.025,43.379,41.838,43.304
1755604800,43.309,44.155,42.265,42.444
1755619200,42.444,43.7,41.7,42.93
1755633600,42.93,43.152,40.894,41.254
1755648000,41.249,42.182,41.19,41.481
1755662400,41.484,42.144,41.479,41.489
1755676800,41.488,42.334,41.217,41.682
1755691200,41.679,42.852,40.517,41.93
1755705600,41.931,43.17,41.718,43.146
1755720000,43.146,43.239,42.549,42.966
1755734400,42.967,43.427,42.265,42.272
1755748800,42.272,42.597,41.585,41.872
1755763200,41.867,41.945,40.914,41.021
1755777600,41.011,42.227,40.755,41.02
1755792000,41.03,41.452,40.559,40.871
1755806400,40.871,41.274,40.383,40.417
1755820800,40.413,41.584,40.413,41.138
1755835200,41.143,42.13,41.143,42.101
1755849600,42.102,42.251,41.684,41.73
1755864000,41.728,44.172,40.933,43.683
1755878400,43.683,44.95,43.681,44.269
1755892800,44.273,45.51,44.238,45.302
1755907200,45.299,45.308,43.462,43.52
1755921600,43.522,44.696,43.469,43.714
1755936000,43.716,44.098,43.301,43.662
1755950400,43.662,44.203,43.55,43.878
1755964800,43.876,44.801,43.867,44.61
1755979200,44.611,44.921,44.396,44.867
1755993600,44.867,45.014,43.898,44.149
1756008000,44.151,44.398,43.661,43.998
1756022400,44.004,44.209,43.356,43.64
1756036800,43.645,44.598,43.478,44.104
1756051200,44.105,46.865,44.091,45.501
1756065600,45.501,46.508,44.605,46.049
1756080000,46.044,47.365,45.113,46.445
1756094400,46.445,46.497,44.043,44.253
1756108800,44.259,46,43.906,45.64
1756123200,45.644,46.652,45.058,45.785
1756137600,45.795,46.767,43.78,43.959
1756152000,43.964,44.269,42.42,42.943
1756166400,42.952,44.298,42.339,44.061
1756180800,44.061,45.584,44.061,45.516
1756195200,45.518,45.825,44.896,45.241
1756209600,45.243,46.999,44.65,46.528
1756224000,46.534,48.779,46.534,48.533
1756238400,48.535,49.75,48.277,48.794
1756252800,48.792,51.153,48.14,50.945
1756267200,50.945,51.15,49.603,49.907
1756281600,49.907,50.206,48.323,49.683
1756296000,49.689,50.671,49.101,50.559
1756310400,50.555,50.634,48.64,48.745
1756324800,48.745,49.421,46.8,46.945
1756339200,46.946,48.519,46.667,48.506
1756353600,48.506,48.965,47.863,48.814
1756368000,48.811,49.055,47.751,47.989
1756382400,47.989,48.842,47.793,47.955
1756396800,47.955,48.1,45.768,46.033
1756411200,46.028,46.52,45.514,45.534
1756425600,45.537,46.084,45.293,45.656
1756440000,45.652,45.997,44.268,44.359
1756454400,44.359,44.866,43.692,44.35
1756468800,44.349,45.407,43.883,44.825
1756483200,44.826,45.014,43.529,43.687
1756497600,43.679,44.781,43.285,44.411
1756512000,44.413,44.644,43.704,44.584
1756526400,44.583,44.9,43.937,44.324
1756540800,44.322,44.322,43.261,43.488
1756555200,43.49,44.171,43.256,44.158
1756569600,44.157,44.28,43.832,43.89
1756584000,43.898,44.168,43.74,44.029
1756598400,44.034,44.941,44.008,44.926
1756612800,44.929,45.02,44.497,44.506
1756627200,44.506,44.857,44.185,44.441
1756641600,44.439,44.612,44.133,44.482
1756656000,44.482,45.344,44.414,44.802
1756670400,44.802,45.18,44.228,44.27
1756684800,44.27,45,43.83,44.426
1756699200,44.427,44.995,43.951,44.995
1756713600,44.995,45.451,44.375,44.686
1756728000,44.686,44.923,44.019,44.268
1756742400,44.263,44.282,43.325,43.997
1756756800,43.995,44.055,42.5,43.101
1756771200,43.102,44.244,42.934,44.112
1756785600,44.111,44.87,43.949,44.449
1756800000,44.451,45.023,44.193,44.28
1756814400,44.282,44.92,43.356,44.077
1756828800,44.079,44.633,43.722,44.022
1756843200,44.023,44.915,43.944,44.864
1756857600,44.868,45.228,44.507,44.639
1756872000,44.632,44.718,44.248,44.491
1756886400,44.495,45.938,44.405,45.568
1756900800,45.568,46.162,45.319,46.063
1756915200,46.063,46.463,45.561,45.79
1756929600,45.786,46.081,45.759,45.813
1756944000,45.813,46.336,45.361,45.404
1756958400,45.404,45.688,45.216,45.619
1756972800,45.62,45.992,45.466,45.858
1756987200,45.862,46.032,44.856,45.181
1757001600,45.18,45.356,44.35,44.437
1757016000,44.44,45.81,44.383,45.328
1757030400,45.327,45.646,45.075,45.172
1757044800,45.17,46.276,45.169,46.209
1757059200,46.209,47.202,45.802,47.033
1757073600,47.028,47.774,46.063,46.618
1757088000,46.617,47.316,46,47.16
1757102400,47.16,47.471,46.837,47.197
1757116800,47.204,47.81,47.204,47.658
1757131200,47.658,47.658,46.745,46.795
1757145600,46.795,46.869,46.477,46.849
1757160000,46.847,47,46.413,46.42
1757174400,46.427,46.436,45.408,45.537
1757188800,45.537,46.262,45.537,45.988
1757203200,45.988,47.109,45.978,46.87
1757217600,46.87,47.008,46.511,46.997
1757232000,46.999,47.442,46.927,47.17
1757246400,47.171,47.679,46.907,47.558
1757260800,47.555,47.645,46.87,47.044
1757275200,47.043,47.488,46.756,47.094
1757289600,47.095,48.954,46.955,48.736
1757304000,48.736,50.093,48.403,50.021
1757318400,50.022,51.15,50.015,50.438
1757332800,50.436,51.912,50.398,51.542
1757347200,51.542,51.6,50.289,50.41
1757361600,50.419,51.069,50.025,50.887
1757376000,50.888,51.706,50.549,51.478
1757390400,51.478,54.958,51.4,54.449
1757404800,54.454,55.14,53.675,53.751
1757419200,53.751,54.283,52.051,52.652
1757433600,52.661,53.908,52.369,53.8
1757448000,53.802,53.941,52.697,53.257
1757462400,53.259,54.345,52.54,53.721
1757476800,53.742,55.394,53.397,55.128
1757491200,55.111,55.594,53.985,54.41
1757505600,54.413,55.454,54.143,55.038
1757520000,55.069,55.342,53.656,54.35
1757534400,54.362,56,54.283,55.437
1757548800,55.436,56.169,55.2,56.001
1757563200,56,56.052,55.151,55.302
1757577600,55.299,55.379,53,53.539
1757592000,53.547,54.794,53.191,54.688
1757606400,54.693,55.944,54.513,55.717
1757620800,55.716,57.145,55.403,57.013
1757635200,56.991,57.377,56.376,56.572
1757649600,56.569,57.3,56.342,56.387
1757664000,56.39,56.558,55.578,55.637
1757678400,55.641,56.798,54.848,55.404
1757692800,55.4,56.52,54.975,56.454
1757707200,56.456,56.463,54.778,55.253
1757721600,55.255,55.961,54.888,55.904
1757736000,55.904,55.904,54.861,55.157
1757750400,55.157,56.389,55.157,56.239
1757764800,56.244,56.855,55.541,55.739
1757779200,55.737,55.902,54.264,54.993
1757793600,54.991,55.157,54.25,54.463
1757808000,54.464,55.323,53.876,54.01
1757822400,54.01,54.955,53.663,54.379
1757836800,54.375,54.79,53.822,53.914
1757851200,53.916,54.42,53.543,54.047
1757865600,54.036,54.9,54.013,54.188
1757880000,54.185,54.356,53.582,53.701
1757894400,53.702,54.368,53.236,54.287
1757908800,54.288,54.643,53.021,53.234
1757923200,53.233,54.026,52.693,53.299
1757937600,53.299,53.743,52.248,52.668
1757952000,52.667,53.623,52,53.604
1757966400,53.599,54.034,53.356,53.995
1757980800,53.997,54.02,53.161,53.235
1757995200,53.235,53.966,52.956,53.31
1758009600,53.326,53.572,52.31,52.696
1758024000,52.691,54.054,52.2,54.031
1758038400,54.027,54.068,53.514,53.862
1758052800,53.866,54.601,53.773,54.454
1758067200,54.447,54.774,53.849,54.146
1758081600,54.125,55.327,53.973,54.981
1758096000,54.981,55.54,54.761,55.288
1758110400,55.289,55.545,54.663,54.676
1758124800,54.677,55.885,54.38,55.54
1758139200,55.526,57.99,55.524,57.742
1758153600,57.742,59.406,57.644,58.958
1758168000,58.958,59.019,58.001,58.328
1758182400,58.328,58.682,57.609,57.756
1758196800,57.758,58.23,57.179,57.769
1758211200,57.764,59.119,57.62,58.629
1758225600,58.623,58.948,57.83,58.595
1758240000,58.596,59.182,57.082,57.194
1758254400,57.194,57.439,56.234,56.333
1758268800,56.345,56.816,55.654,55.832
1758283200,55.833,57.061,55.214,56.062
1758297600,56.07,56.381,55.58,55.894
1758312000,55.891,56.346,55.765,56.127
1758326400,56.123,56.307,55.57,55.992
1758340800,55.987,56.582,55.862,56.562
1758355200,56.563,56.567,55.367,55.377
1758369600,55.377,55.943,54.772,55.625
1758384000,55.626,55.945,53.8,54.251
1758398400,54.251,54.83,53.978,54.18
1758412800,54.182,54.213,53.6,54.114
1758427200,54.113,54.326,53.502,53.59
1758441600,53.587,53.719,52.118,52.415
1758456000,52.413,52.872,51.6,51.95
1758470400,51.952,52.296,50.6,52.124
1758484800,52.124,52.151,50.699,50.777
1758499200,50.778,51.231,49.028,49.712
1758513600,49.711,50.216,46.196,48.525
1758528000,48.525,49.4,48.444,48.805
1758542400,48.81,50.204,47.969,48.291
1758556800,48.291,48.558,47,47.09
1758571200,47.091,48,46.8,47.216
1758585600,47.215,47.311,45.263,46.075
1758600000,46.071,48.8,45.921,48.622
1758614400,48.623,48.885,47.663,48.01
1758628800,48.007,48.563,46.821,47.271
1758643200,47.28,47.669,44.418,44.506
1758657600,44.521,45.5,44.303,44.595
1758672000,44.603,45.606,44.032,44.1
1758686400,44.1,45.132,43.568,44.437
1758700800,44.438,46.02,43.195,45.904
1758715200,45.902,46.744,44.607,45.282
1758729600,45.285,46.15,44.861,46
1758744000,46.001,46.353,45.337,45.65
1758758400,45.662,46,42.941,43.439
1758772800,43.439,43.807,41.785,42.137
1758787200,42.13,43.546,41.336,41.7
1758801600,41.7,42.406,40.504,41.717
1758816000,41.722,43.046,41.129,42.274
1758830400,42.287,43.4,39.673,40.367
1758844800,40.369,43.253,40.34,42.885
1758859200,42.886,43.253,41.69,42.426
1758873600,42.425,42.719,40.595,41.07
1758888000,41.071,44.272,40.813,44.204
1758902400,44.214,45.64,44.069,44.871
1758916800,44.86,45.344,44.142,44.822
1758931200,44.821,45.449,43.717,43.791
1758945600,43.816,44.886,43.452,44.471
1758960000,44.471,44.522,43.193,43.691
1758974400,43.701,45.809,43.332,45.78
1758988800,45.775,45.938,45.1,45.635
1759003200,45.635,46.563,45.32,45.755
1759017600,45.763,45.857,44.497,44.742
1759032000,44.746,44.883,44.153,44.837
1759046400,44.84,44.969,43.367,43.581
1759060800,43.599,44.557,42.899,44.556
1759075200,44.554,46.048,44.546,45.69
1759089600,45.698,47.379,45.575,47.224
1759104000,47.209,47.509,46.396,47.355
1759118400,47.36,47.917,46.68,47.768
1759132800,47.775,48.138,45.91,46.296
1759147200,46.284,47.852,45.749,46.664
1759161600,46.664,47.148,44.98,46.065
1759176000,46.072,47.098,45.97,46.205
1759190400,46.204,46.329,44.534,44.681
1759204800,44.673,45.32,44.259,44.988
1759219200,44.984,45.676,43.591,45.643
1759233600,45.646,45.646,43.403,43.83
1759248000,43.829,45.694,43.501,45.47
1759262400,45.47,46.474,44.873,45.212
1759276800,45.214,45.903,44.571,44.95
1759291200,44.968,45.696,44.637,45.686
1759305600,45.67,47.719,45.588,47.585
1759320000,47.586,48.1,46.909,47.265
1759334400,47.262,48.005,46.706,47.115
1759348800,47.125,47.299,46.367,47.261
1759363200,47.264,49.429,47.041,49.404
1759377600,49.411,49.695,48.618,48.829
1759392000,48.826,49.863,48.683,49.625
1759406400,49.633,49.915,48.599,49.183
1759420800,49.176,51.107,48.96,50.88
1759435200,50.878,50.93,49.995,50.826
1759449600,50.847,50.877,49.691,50.158
1759464000,50.145,50.426,49.375,49.55
1759478400,49.559,49.932,48.563,49.505
1759492800,49.513,50.738,48.524,50.456
1759507200,50.463,50.884,49.649,49.986
1759521600,49.992,50.162,49.329,49.438
1759536000,49.441,49.576,48.636,48.972
1759550400,48.982,49.281,48.563,48.708
1759564800,48.702,48.92,47.761,48.229
1759579200,48.229,48.862,47.725,47.875
1759593600,47.909,48.754,47.909,48.579
1759608000,48.581,49.338,48.464,49.165
1759622400,49.163,50.303,48.9,49.997
1759636800,49.996,51.318,49.854,51.279
1759651200,51.279,51.47,48.928,49.313
1759665600,49.308,49.547,48.563,48.977
1759680000,48.984,49.18,47.375,47.465
1759694400,47.448,48.5,47.373,48.237
1759708800,48.236,48.828,47.911,48.473
1759723200,48.472,49.164,48.277,48.512
1759737600,48.516,49.108,48.087,48.284
1759752000,48.283,49.133,48.269,48.755
1759766400,48.757,49.6,48.246,49.337
1759780800,49.335,49.705,47.235,47.236
1759795200,47.235,47.775,46.364,46.58
1759809600,46.592,46.645,45.739,45.871
1759824000,45.846,46.543,45.562,45.98
1759838400,45.983,46.524,44.541,45.22
1759852800,45.212,45.71,44.66,44.979
1759867200,44.982,45.695,44.964,45.128
1759881600,45.136,46.292,44.86,45.544
1759896000,45.547,46.378,45.409,46.372
1759910400,46.373,46.694,45.856,45.988
1759924800,45.989,46.575,45.652,45.78
1759939200,45.779,47.336,45.766,46.792
1759953600,46.797,46.841,45.901,46.63
1759968000,46.631,46.782,44.937,45.348
1759982400,45.348,45.88,44.831,45.269
1759996800,45.278,45.385,44.159,44.252
1760011200,44.251,44.954,42.796,43.201
1760025600,43.21,43.618,42.346,43.539
1760040000,43.539,44.62,43.526,43.969
1760054400,43.971,44.572,43.945,44.23
1760068800,44.23,44.34,43.482,43.689
1760083200,43.695,44.857,43.689,44.748
1760097600,44.747,45.43,42.175,42.593
1760112000,42.597,43.555,42.11,42.831
1760126400,42.84,43.326,34.485,37.606
1760140800,37.606,39.301,36,37.964
1760155200,37.976,40,37.931,39.23
1760169600,39.171,40.97,38.708,39.973
1760184000,39.974,40.035,37.35,38.089
1760198400,38.083,38.557,36,36.385
1760212800,36.364,37.5,35.163,36.848
1760227200,36.851,37.689,36,37.125
1760241600,37.119,39.007,37.004,37.809
1760256000,37.809,37.9,36.108,37.404
1760270400,37.405,40,36.961,39.463
1760284800,39.454,40.519,39.249,40.307
1760299200,40.306,40.987,39.484,39.651
1760313600,39.651,40.199,38.994,39.097
1760328000,39.101,42.478,38.195,42.417
1760342400,42.429,42.511,39.55,40.309
1760356800,40.295,41.464,39.667,39.762
1760371200,39.762,42.273,39.757,42.086
1760385600,42.062,43.618,41.917,42.489
1760400000,42.478,43.2,41.235,41.245
1760414400,41.251,41.385,38.618,38.785
1760428800,38.786,39.389,37.733,38.254
1760443200,38.231,40.111,37.48,40.098
1760457600,40.098,40.707,38.908,39.346
1760472000,39.356,39.835,38.913,39.441
1760486400,39.443,39.798,38.633,38.905
1760500800,38.912,40.162,38.75,40.16
1760515200,40.162,41.188,40.108,40.367
1760529600,40.372,40.487,38.666,38.885
1760544000,38.884,39.199,38.3,38.8
1760558400,38.796,38.964,36.847,37.463
1760572800,37.458,38.096,37.189,37.433
1760587200,37.443,38.147,37.202,37.697
1760601600,37.691,38.888,37,38.882
1760616000,38.885,39.541,37,37.064
1760630400,37.064,38.32,36.626,37.2
1760644800,37.195,37.436,36.3,36.799
1760659200,36.8,37.552,36.3,37.426
1760673600,37.431,37.475,33.578,33.675
1760688000,33.672,35.683,33.345,35.434
1760702400,35.419,35.989,33.598,35.506
1760716800,35.507,35.939,34.606,34.899
1760731200,34.908,36.2,34.738,35.496
1760745600,35.497,35.729,35.001,35.22
1760760000,35.213,35.781,34.642,35.339
1760774400,35.334,36.313,35.311,36.02
1760788800,36.022,36.156,35.08,35.505
1760803200,35.52,36.513,34.999,36.173
1760817600,36.167,36.907,35.877,36.854
1760832000,36.845,36.944,36.174,36.921
1760846400,36.915,36.953,35.983,36.425
1760860800,36.437,37.607,35.75,37.322
1760875200,37.325,38.423,36.963,38.298
1760889600,38.296,38.488,37.553,37.832
1760904000,37.842,38.147,37.364,37.4
1760918400,37.392,38.358,36.753,38.299
1760932800,38.291,38.839,37.857,38.453
1760947200,38.447,39.2,37.959,38.417
1760961600,38.417,39.674,38.388,38.882
1760976000,38.895,38.895,37.546,37.978
1760990400,37.982,38.508,37.525,37.948
1761004800,37.942,38.073,37.084,37.097
1761019200,37.093,37.142,35.244,35.992
1761033600,35.992,36.25,35.386,36.121
1761048000,36.124,38.293,35.8,37.88
1761062400,37.884,38.382,36.802,36.948
1761076800,36.966,37.061,35.22,35.378
1761091200,35.389,35.587,34.665,35.236
1761105600,35.236,35.34,34.394,34.775
1761120000,34.758,36.116,34.548,35.884
1761134400,35.878,36.684,35.664,36.396
1761148800,36.398,36.768,35.557,36.095
1761163200,36.085,36.918,34.691,36.266
1761177600,36.266,38.456,36.174,37.702
1761192000,37.702,39.159,37,38.897
1761206400,38.885,39.454,38.586,38.648
1761220800,38.647,40.781,38.5,39.979
1761235200,39.962,40.3,39.072,39.456
1761249600,39.456,40.26,38.927,40.246
1761264000,40.247,40.5,39.149,39.513
1761278400,39.515,40.877,39.335,40.59
1761292800,40.59,40.645,39.536,39.668
1761307200,39.668,40.569,39.055,39.222
1761321600,39.227,39.389,38.72,39.213
1761336000,39.213,39.8,39.083,39.345
1761350400,39.346,40.147,38.914,40.101
1761364800,40.096,40.269,39.548,40.159
1761379200,40.16,41.198,40.124,41.143
1761393600,41.142,41.789,40.728,40.939
1761408000,40.937,43.211,40.894,42.985
1761422400,43.004,44.669,42.739,44.25
1761436800,44.25,44.853,43.62,43.743
1761451200,43.733,44.686,43.58,44.675
1761465600,44.676,48.03,44.675,47.911
1761480000,47.909,48.668,46.869,47.349
1761494400,47.342,47.84,46.797,47.382
1761508800,47.382,48.377,46.589,47.339
1761523200,47.327,48.749,47.135,48.112
1761537600,48.106,49.356,46.8,47.349
1761552000,47.349,47.509,45.875,47.463
1761566400,47.46,47.533,46.084,46.405
1761580800,46.403,47.702,46.403,46.816
1761595200,46.811,48.83,45.49,46.583
1761609600,46.572,47.76,46.129,47.531
1761624000,47.535,47.972,46.727,47.409
1761638400,47.409,48.514,46.609,48.051
1761652800,48.05,49.456,47.524,47.749
1761667200,47.75,48.942,46.324,46.443
1761681600,46.454,48.276,46.039,47.718
1761696000,47.714,48.623,47.404,47.801
1761710400,47.812,48.869,47.394,47.67
1761724800,47.664,49.489,47.01,49.236
1761739200,49.233,49.441,46.407,46.788
1761753600,46.786,48.91,46,47.912
1761768000,47.913,49.85,47.411,48.037
1761782400,48.046,48.869,47.401,48.499
1761796800,48.497,49.89,46.722,49.644
1761811200,49.626,50.08,47.444,47.522
1761825600,47.509,47.618,44.645,45.385
1761840000,45.388,45.991,42.726,43.13
1761854400,43.106,45.61,42.805,45.391
1761868800,45.39,46.222,44.33,44.96
1761883200,44.958,45.976,43.837,43.982
1761897600,43.988,44.942,43.431,44.268
1761912000,44.258,45.07,42.968,43.995
1761926400,43.992,44.092,42.27,43.423
1761940800,43.427,44.062,43.139,43.671
1761955200,43.67,44.38,42.72,44.191
1761969600,44.192,44.496,43.297,43.796
1761984000,43.794,44.015,43.095,43.667
1761998400,43.667,43.842,42.712,43.339
1762012800,43.348,44.285,43.14,43.519
1762027200,43.511,43.725,42.848,43.269
1762041600,43.274,43.274,42.279,43.021
1762056000,43.032,43.402,42.639,43.246
1762070400,43.281,43.487,41.41,42.85
1762084800,42.843,42.977,41.455,41.479
1762099200,41.471,42.022,41.092,41.634
1762113600,41.628,42.611,41.286,42.446
1762128000,42.445,42.72,40.501,40.516
1762142400,40.516,41.776,40.088,41.302
1762156800,41.301,41.495,40.224,41.371
1762171200,41.379,41.885,38.287,39.035
1762185600,39.065,41.267,38.5,39.805
1762200000,39.826,40.336,39.011,40.173
1762214400,40.182,40.768,39.171,40.543
1762228800,40.562,40.728,36.7,37.923
1762243200,37.925,38.447,36.886,38.164
1762257600,38.163,40.268,36.995,39.101
1762272000,39.095,39.499,36.41,37.21
1762286400,37.207,39.332,35.5,39.01
1762300800,39.01,40.43,37.456,40.141
1762315200,40.146,41.009,39.761,40.693
1762329600,40.693,41.531,39.357,41.523
1762344000,41.515,42.167,40.728,42.035
1762358400,42.036,42.137,41.237,41.5
1762372800,41.499,41.68,40.78,41.383
1762387200,41.383,41.383,40.4,40.992
1762401600,40.992,41.151,39.5,39.626
1762416000,39.625,40.4,39.325,40.4
1762430400,40.377,40.562,38.602,38.913
1762444800,38.923,39.2,37.558,38.723
1762459200,38.719,38.931,38.09,38.502
1762473600,38.501,39.46,38.262,38.576
1762488000,38.577,40.35,38.168,40.348
1762502400,40.345,40.737,38.241,38.844
1762516800,38.844,40.8,38,40.525
1762531200,40.513,42.919,39.999,42.847
1762545600,42.857,43.322,42.21,42.217
1762560000,42.2,43.298,41.7,42.19
1762574400,42.189,42.549,40.443,40.891
1762588800,40.891,41.758,40.442,40.822
1762603200,40.823,41.806,39.87,40.268
1762617600,40.267,40.98,39.776,40.009
1762632000,40.004,40.541,39.694,40.137
1762646400,40.131,40.5,39.527,40.109
1762660800,40.11,40.298,39.801,40.166
1762675200,40.165,40.461,39.22,39.706
1762689600,39.728,41.708,39.598,40.948
1762704000,40.939,42.6,40.608,42.593
1762718400,42.598,42.823,41.637,41.795
1762732800,41.794,42.933,41.467,42.75
1762747200,42.754,43.131,42.535,42.982
1762761600,42.982,43.095,41.904,42.094
1762776000,42.093,42.33,41.025,41.178
1762790400,41.184,41.95,40.812,41.715
1762804800,41.736,42.419,41.315,41.429
1762819200,41.458,41.925,40.6,41.496
1762833600,41.497,41.512,39.754,39.837
1762848000,39.837,40.594,39.7,40.304
1762862400,40.305,40.419,39.5,39.826
1762876800,39.828,39.91,39.054,39.36
1762891200,39.365,39.408,38.458,38.68
1762905600,38.67,39.329,38.405,39.124
1762920000,39.109,39.692,38.888,39.263
1762934400,39.263,40.823,39.26,40.456
1762948800,40.448,40.637,38.632,38.743
1762963200,38.742,39.039,37.474,38.361
1762977600,38.358,38.976,38.147,38.345
1762992000,38.344,39.086,37.901,38.546
1763006400,38.554,39.873,38.297,39.203
1763020800,39.198,39.483,38.68,39.081
1763035200,39.069,39.247,38.081,38.348
1763049600,38.348,38.503,36.603,37.492
1763064000,37.492,39.103,37.128,38.531
1763078400,38.536,38.599,37.529,37.817
1763092800,37.819,37.925,36.361,37.487
1763107200,37.486,37.705,36.674,36.84
1763121600,36.839,38.034,36.001,37.992
1763136000,37.992,38.246,36.8,37.964
1763150400,37.964,38.54,37.05,37.479
1763164800,37.493,38.866,37.299,38.809
1763179200,38.808,39.278,38.321,39.161
1763193600,39.167,39.532,38.5,38.656
1763208000,38.656,39.269,38.508,39.181
1763222400,39.181,39.181,38.542,38.677
1763236800,38.681,38.787,38.256,38.574
1763251200,38.574,38.892,38.053,38.684
1763265600,38.685,39.365,38.6,39.263
1763280000,39.264,40.498,38.929,39.329
1763294400,39.32,39.643,38.123,38.187
1763308800,38.21,38.541,37.5,38.039
1763323200,38.049,38.729,37.51,38.691
1763337600,38.69,38.991,38.182,38.736
1763352000,38.732,38.778,38.245,38.54
1763366400,38.548,39.194,38.32,39.185
1763380800,39.184,39.263,37.3,37.514
1763395200,37.517,38.16,37.1,37.657
1763409600,37.648,39.273,37.524,39.273
1763424000,39.273,40.873,38.512,40.384
1763438400,40.381,41.604,39.378,40.237
1763452800,40.238,41.426,40.207,41.07
1763467200,41.07,41.609,38.301,38.872
1763481600,38.868,39.526,38.22,38.596
1763496000,38.601,39.363,38.55,38.668
1763510400,38.677,39.111,38.288,38.368
1763524800,38.353,38.725,37.662,38.622
1763539200,38.622,38.718,37.96,38.215
1763553600,38.209,38.497,37.283,37.341
1763568000,37.345,37.9,37.129,37.631
1763582400,37.622,38.989,37.571,38.873
1763596800,38.871,39.772,38.384,39.274
1763611200,39.28,39.7,38.949,39.425
1763625600,39.428,39.467,38.969,39.304
1763640000,39.302,39.429,38.408,38.425
1763654400,38.452,38.525,37.343,37.855
1763668800,37.854,38.356,37.423,37.533
1763683200,37.53,38.52,36.82,36.876
1763697600,36.868,37.222,33.001,34.219
1763712000,34.219,34.745,32.227,32.447
1763726400,32.451,34.144,31.633,32.738
1763740800,32.727,34.543,31.838,33.501
1763755200,33.49,34.298,33,33.842
1763769600,33.842,34.37,33.492,33.897
1763784000,33.897,34.496,33.166,33.888
1763798400,33.887,33.92,32.702,32.872
1763812800,32.865,32.947,31.803,31.844
1763827200,31.844,32.027,30.5,30.536
1763841600,30.518,30.641,29.383,29.957
1763856000,29.96,31.558,29.602,31.247
1763870400,31.256,31.894,30.381,30.895
1763884800,30.88,31.668,30.729,31.541
1763899200,31.547,32.068,30.591,31.192
1763913600,31.183,31.23,30.25,31.031
1763928000,31.025,32.658,30.905,31.869
1763942400,31.864,33.707,31.5,33.032
1763956800,33.041,33.046,31.188,31.569
1763971200,31.571,31.797,31.044,31.2
1763985600,31.199,31.925,30,31.027
1764000000,31.032,32.491,31.028,32.461
1764014400,32.468,34.638,32.375,33.722
1764028800,33.721,33.843,32.243,32.618
1764043200,32.621,32.905,31.803,31.892
1764057600,31.9,35.045,31.9,32.555
1764072000,32.552,33.199,31.838,32.273
1764086400,32.286,32.723,31.822,32.388
1764100800,32.384,33.94,32.21,33.737
1764115200,33.739,34.65,33.651,33.929
1764129600,33.917,34.99,33.633,34.781
1764144000,34.772,34.8,33.667,33.742
1764158400,33.742,34.343,33.042,33.852
1764172800,33.843,35.7,33.813,35.229
1764187200,35.229,36.38,34.879,36.248
1764201600,36.249,36.515,35.597,35.687
1764216000,35.693,35.976,35.37,35.584
1764230400,35.579,35.639,34.571,34.84
1764244800,34.836,35.082,34.504,34.736
1764259200,34.737,35.865,34.549,35.776
1764273600,35.786,36,34.655,34.736
1764288000,34.733,34.875,33.826,34.864
1764302400,34.864,35.545,34.485,34.664
1764316800,34.665,36.305,34.639,35.972
1764331200,35.966,36.799,35.33,35.479
1764345600,35.496,35.615,34.182,34.56
1764360000,34.548,35.457,34.274,34.938
1764374400,34.937,35.166,34.641,34.826
1764388800,34.836,36.445,34.103,35.956
1764403200,35.963,36.019,35.212,35.723
1764417600,35.731,36.247,34.462,34.765
1764432000,34.772,35.209,34.057,34.486
1764446400,34.486,34.759,34.212,34.349
1764460800,34.35,34.54,33.987,34.294
1764475200,34.294,34.349,33.378,33.978
1764489600,33.978,34.073,32.889,32.946
1764504000,32.949,33.754,32.85,33.038
1764518400,33.036,33.975,33.036,33.733
1764532800,33.729,33.811,31.848,31.894
1764547200,31.898,32.04,30.442,30.763
1764561600,30.761,31.227,30.28,31.201
1764576000,31.195,31.382,30.6,30.619
1764590400,30.626,30.807,29.189,29.76
1764604800,29.76,29.981,29.235,29.53
1764619200,29.516,31.471,29.516,30.995
1764633600,31.006,31.51,30.355,31.07
1764648000,31.069,31.984,30.948,31.682
1764662400,31.682,31.995,31.119,31.827
1764676800,31.822,33.342,31.542,33.025
1764691200,32.999,33.702,32.641,33.116
1764705600,33.125,34.368,32.645,33.833
1764720000,33.854,34.808,33.382,34.256
1764734400,34.256,35.337,34.065,34.254
1764748800,34.254,34.646,33.5,33.776
1764763200,33.776,34.695,33.468,34.06
1764777600,34.066,34.812,33.86,34.8
1764792000,34.8,35.111,34.299,34.63
1764806400,34.64,36.17,34.26,35.587
1764820800,35.58,35.585,34.673,35.237
1764835200,35.246,35.378,34.568,34.758
1764849600,34.769,34.952,34.057,34.575
1764864000,34.561,34.917,33.244,33.488
1764878400,33.48,33.706,33.089,33.533
1764892800,33.535,33.904,33.276,33.696
1764907200,33.704,33.838,33.2,33.219
1764921600,33.22,33.29,31.847,31.904
1764936000,31.91,32.068,31.124,31.496
1764950400,31.49,31.521,30.485,31.111
1764964800,31.113,31.354,30.829,30.992
1764979200,30.993,31.235,30.648,31.121
1764993600,31.116,31.398,31.029,31.075
1765008000,31.078,31.092,30.66,30.858
1765022400,30.859,31.203,30.62,30.88
1765036800,30.88,31.493,30.863,31.021
1765051200,31.02,31.281,30.2,30.952
1765065600,30.949,31.166,30.799,30.965
1765080000,30.964,31.2,30.5,30.52
1765094400,30.523,30.542,29.128,29.657
1765108800,29.664,30.057,28.137,29.074
1765123200,29.059,29.875,28.792,29.679
1765137600,29.677,29.921,28.5,29.728
1765152000,29.727,30.963,29.454,29.991
1765166400,29.993,30.533,29.87,30.018
1765180800,30.019,30.836,29.971,30.661
1765195200,30.675,30.692,29.1,29.585
1765209600,29.58,30.023,28.657,29.078
1765224000,29.08,29.902,29.043,29.476
1765238400,29.478,29.538,28.421,28.62
1765252800,28.622,28.715,27.411,28.301
1765267200,28.281,28.419,27.458,27.977
1765281600,27.978,28.799,27.774,28.522
1765296000,28.534,29.283,28.262,29.077
1765310400,29.076,29.145,27.501,27.901
1765324800,27.895,28.917,27.632,28.82
1765339200,28.823,29.524,28.668,29.316
1765353600,29.327,29.495,28.988,29.113
1765368000,29.115,29.29,28.728,29.024
1765382400,29.024,29.926,28.824,29.486
1765396800,29.489,29.992,28.83,28.836
1765411200,28.839,29.19,28.167,28.612
1765425600,28.611,28.835,27.926,28.076
1765440000,28.073,28.102,27.102,27.219
1765454400,27.22,28.11,26.868,27.55
1765468800,27.531,28.529,27.437,28.166
1765483200,28.176,29.239,28.175,29.164
1765497600,29.158,29.648,28.851,29.462
1765512000,29.462,29.827,29.3,29.523
1765526400,29.518,29.968,29.146,29.843
1765540800,29.843,29.886,28.587,28.879
1765555200,28.872,30.269,28.672,28.825
1765569600,28.838,29.06,28.339,28.612
1765584000,28.614,28.867,28.331,28.537
1765598400,28.544,28.549,27.938,28.034
1765612800,28.044,29.037,27.942,28.926
1765627200,28.888,29.471,28.838,29.176
1765641600,29.18,29.38,28.8,28.926
1765656000,28.927,29.748,28.615,29.593
1765670400,29.598,29.841,29.208,29.274
1765684800,29.265,29.574,28.923,29.532
1765699200,29.53,29.574,28.641,28.839
1765713600,28.839,29.893,28.666,28.843
1765728000,28.857,29.517,28.744,29.135
1765742400,29.123,29.264,28.4,28.834
1765756800,28.835,29.584,28.628,28.962
1765771200,28.988,29.27,28.959,29.116
1765785600,29.115,29.512,28.994,29.373
1765800000,29.386,29.49,27.346,27.714
1765814400,27.745,28.068,27.198,27.534
1765828800,27.548,27.719,27.182,27.598
1765843200,27.601,27.66,26.35,26.695
1765857600,26.697,26.766,26.053,26.303
1765872000,26.302,27.394,26.239,27.387
1765886400,27.389,27.591,26.798,27.261
1765900800,27.268,27.315,26.268,26.9
1765915200,26.901,27.172,26.508,26.795
1765929600,26.788,28.31,26.202,26.817
1765944000,26.817,27.268,26.523,27.179
1765958400,27.17,27.666,26.666,27.601
1765972800,27.607,27.895,26.594,26.735
1765987200,26.731,27.026,24.656,24.732
1766001600,24.732,25.006,24.22,24.482
1766016000,24.479,24.766,24.1,24.176
1766030400,24.184,24.573,23.873,23.96
1766044800,23.961,24.473,23.607,24.352
1766059200,24.355,25.276,24.1,24.668
1766073600,24.678,24.78,22.586,22.786
1766088000,22.785,23.235,22.439,22.452
1766102400,22.461,23.281,22.182,23.064
1766116800,23.067,24.193,23.014,23.919
1766131200,23.919,24.774,23.772,24.588
1766145600,24.591,24.685,23.701,23.862
1766160000,23.866,25.097,23.812,24.759
1766174400,24.757,24.938,24.45,24.874
1766188800,24.873,24.902,24.35,24.583
1766203200,24.583,24.963,24.54,24.928
1766217600,24.922,25.525,24.508,24.695
1766232000,24.691,24.839,24.49,24.685
1766246400,24.686,25.361,24.632,25.151
1766260800,25.148,25.266,23.819,24.006
1766275200,23.998,24.128,23.592,23.905
1766289600,23.893,24.295,23.85,24.191
1766304000,24.194,24.611,24.024,24.293
1766318400,24.294,24.414,23.721,24.176
1766332800,24.178,24.545,24.014,24.368
1766347200,24.368,24.848,24.026,24.84
1766361600,24.834,25.018,24.48,24.772
1766376000,24.779,25.395,24.661,25.385
1766390400,25.384,25.681,24.992,25.069
1766404800,25.076,25.451,24.427,24.701
1766419200,24.73,25.235,24.548,24.658
1766433600,24.658,25.12,24.552,24.858
1766448000,24.87,25.002,24.346,24.347
1766462400,24.345,24.477,24.047,24.266
1766476800,24.258,24.412,23.841,24.299
1766491200,24.298,24.6,23.66,24.087
1766505600,24.088,24.587,24.049,24.576
1766520000,24.57,24.75,23.819,23.959
1766534400,23.964,24.395,23.644,24.07
1766548800,24.066,24.231,23.725,23.726
1766563200,23.725,23.998,23.621,23.919
1766577600,23.924,24.3,23.804,24.293
1766592000,24.286,24.706,24.17,24.668
1766606400,24.674,25.235,24.445,25.155
1766620800,25.157,25.204,24.78,24.874
1766635200,24.871,25.13,24.602,24.715
1766649600,24.704,24.739,24.484,24.648
1766664000,24.636,24.897,24.538,24.803
1766678400,24.805,25.2,24.776,24.917
1766692800,24.918,25.011,24.2,24.398
1766707200,24.396,25.113,24.368,24.93
1766721600,24.929,25.488,24.781,25.101
1766736000,25.095,25.485,24.909,24.929
1766750400,24.923,25.178,24.727,24.984
1766764800,24.984,25.048,24.75,24.995
1766779200,24.993,25.821,24.971,25.781
1766793600,25.78,26.419,25.564,25.916
1766808000,25.916,26.067,25.766,25.952
1766822400,25.95,26.334,25.949,26.108
1766836800,26.105,26.159,25.71,25.964
1766851200,25.968,25.974,25.394,25.691
1766865600,25.699,26.138,25.583,25.951
1766880000,25.955,26.192,25.871,26.088
1766894400,26.087,26.299,25.708,25.806
1766908800,25.815,26.035,25.757,25.859
1766923200,25.857,25.897,25.078,25.175
1766937600,25.166,25.455,24.913,24.971
1766952000,24.964,25.432,24.812,25.339
1766966400,25.344,26.259,25.252,26.088
1766980800,26.088,26.267,25.8,25.94
1766995200,25.94,26.107,25.515,25.653
1767009600,25.644,26.114,25.306,26.014
1767024000,26.014,26.406,25.629,25.647
1767038400,25.642,25.994,25.64,25.787
1767052800,25.788,25.876,25.38,25.76
1767067200,25.762,26.427,25.732,26.125
1767081600,26.126,26.668,25.725,25.878
1767096000,25.877,25.877,25.4,25.774
1767110400,25.775,25.993,25.532,25.981
1767124800,25.985,26.089,25.769,25.961
1767139200,25.962,26.113,25.684,25.82
1767153600,25.806,26.054,25.717,25.758
1767168000,25.755,25.919,25.692,25.784
1767182400,25.777,26.226,25.733,25.91
1767196800,25.911,26.081,25.52,25.75
1767211200,25.746,25.88,25.273,25.43
1767225600,25.432,26.064,25.4,25.569
1767240000,25.574,25.674,25.389,25.653
1767254400,25.653,25.846,25.548,25.765
1767268800,25.77,25.776,24.017,24.302
1767283200,24.302,24.604,23.958,24.393
1767297600,24.398,24.479,23.763,24.226
1767312000,24.225,24.607,24.066,24.499
1767326400,24.501,24.78,24.189,24.303
1767340800,24.304,24.98,24.275,24.456
1767355200,24.458,24.708,24.264,24.497
1767369600,24.493,24.882,24.415,24.63
1767384000,24.629,24.66,24.081,24.587
1767398400,24.586,24.755,24.402,24.558
1767412800,24.559,25.224,24.314,24.518
1767427200,24.517,24.676,24.28,24.386
1767441600,24.39,24.967,24.308,24.788
1767456000,24.792,25.193,24.71,24.806
1767470400,24.79,25.439,24.483,25.384
1767484800,25.398,25.575,25.063,25.301
1767499200,25.302,25.344,24.969,25.153
1767513600,25.149,25.354,24.863,25.251
1767528000,25.244,26.175,25.082,26.159
1767542400,26.159,26.388,25.77,25.871
1767556800,25.871,26.888,25.823,26.872
1767571200,26.869,27.362,26.35,26.438
1767585600,26.439,26.642,26.145,26.407
1767600000,26.412,26.813,25.927,26.336
1767614400,26.337,26.588,25.8,26.429
1767628800,26.43,27.2,26.184,27.078
1767643200,27.079,27.473,26.422,26.525
1767657600,26.523,26.808,26.09,26.398
1767672000,26.401,27.137,26.301,26.384
1767686400,26.389,27,26.197,26.922
1767700800,26.925,27.45,26.871,27.172
1767715200,27.173,27.562,26.4,27.084
1767729600,27.083,28.439,27.082,28.246
1767744000,28.253,28.376,27.47,27.811
1767758400,27.811,27.982,27.277,27.603
1767772800,27.605,27.731,27,27.037
1767787200,27.021,27.072,26.455,26.46
1767801600,26.457,27.172,26.45,26.879
1767816000,26.873,27.028,26.51,26.851
1767830400,26.851,27.069,26.364,26.492
1767844800,26.494,26.714,26.137,26.696
1767859200,26.696,26.737,25.845,26.142
1767873600,26.142,26.274,25.691,26.188
1767888000,26.183,26.289,25.777,25.95
1767902400,25.949,25.975,25.58,25.667
1767916800,25.677,25.792,25.434,25.741
1767931200,25.742,26.199,25.698,26.085
1767945600,26.087,26.122,25.228,25.504
1767960000,25.504,25.981,25.321,25.607
1767974400,25.614,25.899,25.012,25.123
1767988800,25.123,25.228,24.952,25.065
1768003200,25.068,25.078,24.234,24.391
1768017600,24.398,24.433,24.192,24.328
1768032000,24.334,24.675,24.243,24.564
1768046400,24.564,24.625,24.223,24.318
1768060800,24.318,24.332,23.836,24.122
1768075200,24.122,24.234,23.768,24.018
1768089600,24.018,24.2,23.974,24.197
1768104000,24.197,24.495,24.137,24.449
1768118400,24.452,24.499,24.31,24.421
1768132800,24.422,24.602,24.344,24.407
1768147200,24.413,24.642,24.36,24.544
1768161600,24.538,24.538,24.234,24.396
1768176000,24.413,25.382,24.27,24.87
1768190400,24.881,25.088,24.688,24.713
1768204800,24.712,24.849,23.6,23.986
1768219200,23.98,24.088,23.059,23.574
1768233600,23.565,23.93,23.274,23.892
1768248000,23.892,24.122,23.676,23.742
1768262400,23.743,24.236,23.722,24.217
1768276800,24.213,24.463,24.174,24.258
1768291200,24.259,24.647,24.017,24.282
1768305600,24.283,24.683,24.23,24.391
1768320000,24.392,25.042,24.385,24.979
1768334400,24.98,25.879,24.715,25.763
1768348800,25.76,26.121,25.621,26.072
1768363200,26.058,26.198,25.715,26.186
1768377600,26.187,26.5,25.786,25.803
1768392000,25.807,26.61,25.742,26.338
1768406400,26.338,26.885,25.803,26.35
1768420800,26.353,26.476,25.67,25.984
1768435200,25.984,26.099,24.694,24.743
1768449600,24.745,25.283,24.714,25.028
1768464000,25.041,25.332,24.938,25.201
1768478400,25.194,25.582,24.485,24.9
1768492800,24.909,25.271,24.51,24.958
1768507200,24.989,25.181,24.357,24.733
1768521600,24.732,24.859,24.537,24.592
1768536000,24.593,25.042,24.509,24.827
1768550400,24.838,25.13,24.665,25.12
1768564800,25.114,25.227,24.622,24.817
1768579200,24.813,25.106,24.723,24.814
1768593600,24.82,25.067,24.671,25
1768608000,25,25.018,24.8,24.828
1768622400,24.824,25.032,24.791,24.948
1768636800,24.948,25.345,24.948,25.274
1768651200,25.267,25.667,25.074,25.659
1768665600,25.663,25.827,25.368,25.639
1768680000,25.639,25.728,25.306,25.409
1768694400,25.413,25.55,25.238,25.476
1768708800,25.476,26.019,25.42,25.835
1768723200,25.833,26.131,25.733,26.007
1768737600,26.008,26.026,25.68,25.82
1768752000,25.825,25.888,25.078,25.171
1768766400,25.165,25.286,24.4,24.471
1768780800,24.468,24.471,23.168,23.934
1768795200,23.932,24.014,23.666,23.811
1768809600,23.809,24.226,23.766,24.101
1768824000,24.106,24.106,23.473,23.748
1768838400,23.749,24.13,23.728,24.027
1768852800,24.03,24.1,23.549,23.712
1768867200,23.716,23.763,23.437,23.746
1768881600,23.742,23.849,23.063,23.078
1768896000,23.075,23.242,22.716,22.748
1768910400,22.745,22.848,21.587,22.061
1768924800,22.059,22.15,21,21.523
1768939200,21.504,21.816,20.818,20.973
1768953600,20.97,21.528,20.88,21.409
1768968000,21.399,21.767,21.221,21.242
1768982400,21.248,21.249,20.557,20.694
1768996800,20.692,21.596,20.5,21.562
1769011200,21.57,21.979,20.5,21.851
1769025600,21.867,22.072,21.409,21.524
1769040000,21.525,22.189,21.492,21.569
1769054400,21.57,21.959,21.57,21.93
1769068800,21.934,22.211,21.773,21.796
1769083200,21.797,21.969,21.137,21.277
1769097600,21.279,21.744,21.118,21.425
1769112000,21.423,21.501,21.258,21.439
1769126400,21.439,21.81,21.375,21.807
1769140800,21.81,21.865,21.384,21.434
1769155200,21.433,21.469,20.796,21.215
1769169600,21.214,22.348,21.124,22.316
1769184000,22.324,23.055,22.216,22.377
1769198400,22.385,22.726,22.296,22.633
1769212800,22.631,23.276,22.498,23.069
1769227200,23.085,23.141,22.806,22.806
1769241600,22.803,23.473,22.802,23.211
1769256000,23.201,23.45,23.004,23.033
1769270400,23.038,23.655,22.909,23.435
1769284800,23.428,23.746,23.184,23.197
1769299200,23.196,23.414,22.904,22.919
1769313600,22.92,22.972,22.716,22.896
1769328000,22.891,22.981,22.308,22.486
1769342400,22.481,22.698,22.407,22.443
1769356800,22.442,22.6,21.667,21.802
1769371200,21.802,22.265,21.63,22.192
1769385600,22.191,22.493,21.83,21.945
1769400000,21.947,22.318,21.91,22.305
1769414400,22.312,22.581,22,22.262
1769428800,22.265,22.866,22.105,22.445
1769443200,22.445,24.411,22.409,24.1
1769457600,24.105,25.341,23.968,24.929
1769472000,24.926,26.451,24.889,26.108
1769486400,26.096,27.781,26.04,27.398
1769500800,27.408,28.063,27.167,27.725
1769515200,27.723,28.175,27.136,28.153
1769529600,28.142,29.104,27.428,28.794
1769544000,28.794,30.982,28.744,30.8
1769558400,30.813,33.898,30.707,33.532
1769572800,33.537,34.247,32.401,33.482
1769587200,33.481,34.829,33.416,33.893
1769601600,33.897,34.649,33.016,33.451
1769616000,33.444,33.592,32.356,33.391
1769630400,33.371,34.496,32.806,34.435
1769644800,34.435,34.441,31.691,31.719
1769659200,31.747,33.226,31.15,32.441
1769673600,32.451,33.606,31.86,33.294
1769688000,33.268,34.53,31.722,33.089
1769702400,33.093,33.941,31.939,32.078
1769716800,32.07,32.843,30.364,30.786
1769731200,30.758,30.818,28.15,29.197
1769745600,29.199,29.742,28.528,29.116
1769760000,29.122,30.905,29.009,30.608
1769774400,30.585,30.676,28.71,28.9
1769788800,28.911,32.886,28.49,32.05
1769803200,32.056,32.097,30.286,30.58
1769817600,30.58,32.087,30.5,31.615
1769832000,31.624,31.819,30.405,30.614
1769846400,30.626,30.9,29.796,30.243
1769860800,30.214,30.446,28.545,28.655
1769875200,28.646,29.904,27.419,29.068
1769889600,29.061,31.1,28.639,30.975
1769904000,30.967,32.55,30.925,31.463
1769918400,31.465,31.987,30.208,30.685
1769932800,30.681,31.553,30.229,30.948
1769947200,30.954,31.05,28.462,29.006
1769961600,29.006,30.296,28.775,29.413
1769976000,29.421,31.184,28.936,30.564
1769990400,30.571,32,30.06,31.967
1770004800,31.966,32,29.497,31.2
1770019200,31.206,31.5,30.541,30.933
1770033600,30.928,33.332,30.41,32.712
1770048000,32.713,33.724,31.617,32.48
1770062400,32.481,33.962,32.2,33.283
1770076800,33.283,38.027,33.143,37.837
1770091200,37.87,38.356,36.669,37.244
1770105600,37.26,37.9,35.645,36.056
1770120000,36.055,36.388,33.553,34.21
1770134400,34.227,34.7,32.264,33.856
1770148800,33.868,35.602,32.467,32.666
1770163200,32.629,33.818,32.374,33.657
1770177600,33.655,33.99,32.74,33.339
1770192000,33.341,33.559,32.53,33.298
1770206400,33.3,34.306,32.5,34.033
1770220800,34.037,35.353,33.11,35.339
1770235200,35.35,36.238,34.479,35.443
1770249600,35.466,35.494,33.187,33.466
1770264000,33.453,34.648,33.261,34.159
1770278400,34.172,35.24,32.526,32.849
1770292800,32.839,32.997,31,31.818
1770307200,31.812,33.35,30.986,32.461
1770321600,32.446,34.473,31.85,33.03
1770336000,33.002,36.893,31.414,34.728
1770350400,34.709,35.534,32.861,32.885
1770364800,32.912,34.343,32.178,33.889
1770379200,33.881,34.949,32.317,32.454
1770393600,32.446,34.5,32.259,33.244
1770408000,33.243,33.243,32.255,32.359
1770422400,32.374,33.1,31.542,33.092
1770436800,33.101,33.296,32.368,32.989
1770451200,32.973,33.845,32.499,32.753
1770465600,32.732,33.238,31.871,32.037
1770480000,32.047,32.518,31.2,31.504
1770494400,31.529,32.042,31.007,31.4
1770508800,31.399,31.94,30.967,31.311
1770523200,31.319,31.864,30.508,31.018
1770537600,31.021,32.15,30.725,32.049
1770552000,32.064,32.244,31.106,31.625
1770566400,31.619,32.981,31.422,32.736
1770580800,32.746,33.019,32.053,32.436
1770595200,32.43,33.542,32.25,33.124
1770609600,33.128,33.223,32.294,32.417
1770624000,32.434,32.516,31.25,31.351
1770638400,31.376,32.131,31.214,31.308
1770652800,31.277,32.228,30.9,32.044
1770667200,32.053,32.146,31.252,31.339
1770681600,31.338,31.542,30.599,30.773
1770696000,30.772,30.996,29.734,29.996
1770710400,29.993,30.277,29.52,29.541
1770724800,29.537,30.055,29.232,29.779
1770739200,29.794,30.53,29.554,29.835
1770753600,29.802,29.857,28.75,28.827
1770768000,28.815,29.231,28.677,28.772
1770782400,28.781,29.396,28.554,28.716
1770796800,28.722,29.225,28.366,29.08
1770811200,29.08,29.348,28.298,28.908
1770825600,28.901,29.785,28.901,29.516
1770840000,29.509,30.215,29.191,29.391
1770854400,29.388,30.918,29.375,30.536
1770868800,30.536,30.688,30.022,30.246
1770883200,30.239,31.789,30.127,31.65
1770897600,31.632,31.803,30.653,30.781
1770912000,30.779,30.89,29.287,29.726
1770926400,29.738,31.104,29.366,31.085
1770940800,31.071,31.398,30.412,30.743
1770955200,30.736,30.95,30.476,30.715
1770969600,30.705,30.768,30.187,30.547
1770984000,30.546,32.309,30.002,31.538
1770998400,31.54,32.122,31.323,31.392
1771012800,31.385,31.736,31.004,31.563
1771027200,31.574,32.236,31.447,31.907
1771041600,31.896,31.92,31.264,31.764
1771056000,31.777,32.283,31.511,32.109
1771070400,32.106,32.202,31.012,31.472
1771084800,31.468,31.533,30.743,31.448
1771099200,31.456,31.94,31.366,31.829
1771113600,31.835,32,31.161,31.441
1771128000,31.43,31.8,31.237,31.337
1771142400,31.333,31.658,30.719,31.481
1771156800,31.479,31.681,30.54,30.966
1771171200,30.947,31.149,30.464,30.578
1771185600,30.568,30.723,30.287,30.701
1771200000,30.697,30.958,30.008,30.289
1771214400,30.292,30.359,29.549,29.673
1771228800,29.67,30.142,29.617,29.95
1771243200,29.96,30.622,29.589,29.82
1771257600,29.806,30.036,29.685,29.868
1771272000,29.869,31.214,29.84,31.203
1771286400,31.212,31.366,30.75,30.843
1771300800,30.85,31.03,30.005,30.101
1771315200,30.1,30.205,29.22,29.332
1771329600,29.316,29.806,29.023,29.556
1771344000,29.56,30.114,29.238,29.525
1771358400,29.536,29.927,29.341,29.5
1771372800,29.488,29.591,28.835,29.265
1771387200,29.272,29.697,29.195,29.64
1771401600,29.647,29.754,28.831,28.902
1771416000,28.902,29.603,28.566,29.212
1771430400,29.212,29.293,28.449,28.728
1771444800,28.75,28.965,28.25,28.686
1771459200,28.686,28.773,28.22,28.741
1771473600,28.745,29.179,28.513,29.176
1771488000,29.175,29.191,28.273,28.374
1771502400,28.38,28.435,27.742,28.352
1771516800,28.342,28.905,28.134,28.672
1771531200,28.687,29.398,28.651,29.009
1771545600,29.009,29.565,28.976,29.498
1771560000,29.49,29.514,29.032,29.064
1771574400,29.077,29.741,28.942,29.408
1771588800,29.419,29.913,28.627,29.85
1771603200,29.827,30.36,29.522,30.092
1771617600,30.08,30.428,29.903,30.35
1771632000,30.379,30.546,30.107,30.271
1771646400,30.255,30.415,30.066,30.084
1771660800,30.091,30.506,30.091,30.121
1771675200,30.121,30.183,29.75,29.917
1771689600,29.902,30.078,29.685,29.826
1771704000,29.839,29.883,29.543,29.748
1771718400,29.735,29.947,29.6,29.721
1771732800,29.718,29.754,29.45,29.45
1771747200,29.447,29.848,29.376,29.697
1771761600,29.698,29.717,28.98,29.208
1771776000,29.207,29.208,28.689,28.75
1771790400,28.75,29.031,28.749,29.022
1771804800,29.008,29.038,26.88,27.251
1771819200,27.272,27.891,26.93,27.722
1771833600,27.711,28.216,27.422,27.641
1771848000,27.634,27.706,26.364,26.559
1771862400,26.56,26.736,25.636,26.279
1771876800,26.291,26.665,26.134,26.377
1771891200,26.379,26.541,25.594,26.227
1771905600,26.234,26.358,25.889,26.277
1771920000,26.273,26.659,26.2,26.475
1771934400,26.464,27.016,26.116,26.751
1771948800,26.769,27.281,26.746,27.222
1771963200,27.233,27.431,27.006,27.102
1771977600,27.109,27.975,26.958,27.025
1771992000,27.029,27.285,26.769,26.926
1772006400,26.925,27.2,26.768,27.2
1772020800,27.19,28.5,27.05,27.993
1772035200,27.987,29.066,27.922,28.793
1772049600,28.805,29,27.631,27.902
1772064000,27.905,28.63,27.716,28.039
1772078400,28.029,28.571,28.016,28.248
1772092800,28.25,29.4,28.096,28.453
1772107200,28.453,29.4,28.16,28.469
1772121600,28.459,28.739,27.838,28.539
1772136000,28.528,28.718,28.107,28.128
1772150400,28.12,28.867,27.936,28.852
1772164800,28.848,29.617,28.791,29.3
1772179200,29.296,29.945,28.312,28.347
1772193600,28.339,28.422,27.859,28.193
1772208000,28.177,28.197,26.88,27.109
1772222400,27.111,27.438,26.76,27.314
1772236800,27.306,27.571,26.827,26.882
1772251200,26.882,27.057,26.103,26.64
1772265600,26.631,27.71,26.544,27.281
1772280000,27.297,28.224,27.136,28.184
1772294400,28.182,29.699,28.027,29.5
1772308800,29.498,31.35,29.4,31.231
1772323200,31.215,31.298,30.2,30.924
1772337600,30.916,31.546,30.683,30.927
1772352000,30.941,31.199,30.436,31.066
1772366400,31.057,31.568,30.618,31.395
1772380800,31.407,31.922,30.75,31.602
1772395200,31.595,32.31,31.23,31.56
1772409600,31.553,32.745,31.503,32.041
1772424000,32.041,32.079,29.961,30.319
1772438400,30.319,30.744,30.222,30.702
1772452800,30.711,32.544,30.397,32.162
1772467200,32.175,33.712,31.977,32.465
1772481600,32.45,33.259,31.961,32.829
1772496000,32.833,33.3,32.268,32.983
1772510400,32.99,33.559,32.339,33.042
1772524800,33.042,33.058,31.556,31.936
1772539200,31.928,32.356,30.995,31.892
1772553600,31.891,32.88,31.696,31.782
1772568000,31.78,31.901,30.791,31.298
1772582400,31.298,31.659,30.756,30.98
1772596800,30.976,32.192,30.786,32.173
1772611200,32.168,33,31.767,32.577
1772625600,32.61,33.249,32.176,33.146
1772640000,33.14,33.219,32.046,32.464
1772654400,32.464,32.561,31.42,32.16
1772668800,32.156,32.239,31.319,31.504
1772683200,31.5,31.876,31.367,31.549
1772697600,31.552,32.256,31.538,31.81
1772712000,31.805,32.06,30.941,31.283
1772726400,31.294,31.31,30.231,30.364
1772740800,30.389,30.953,30.355,30.53
1772755200,30.525,30.726,30.265,30.643
1772769600,30.641,31.129,30.512,30.816
1772784000,30.811,30.896,30.188,30.363
1772798400,30.36,30.837,29.5,29.847
1772812800,29.854,30.502,29.462,30.349
1772827200,30.352,31.348,30.328,31.035
1772841600,31.014,31.089,30.586,30.751
1772856000,30.754,30.754,30.247,30.441
1772870400,30.44,31.054,30.264,30.909
1772884800,30.895,31.139,30.629,30.725
1772899200,30.723,30.947,29.799,30.2
1772913600,30.2,30.322,29.874,30.293
1772928000,30.293,30.365,30.013,30.083
1772942400,30.083,30.248,29.68,30.17
1772956800,30.188,30.675,30.065,30.336
1772971200,30.336,30.813,30.078,30.535
1772985600,30.539,30.776,30.111,30.776
1773000000,30.776,31.221,30.12,30.717
1773014400,30.687,31.417,30.269,30.528
1773028800,30.535,31.098,30.409,30.705
1773043200,30.706,31.456,30.675,31.419
1773057600,31.419,33.477,31.386,32.421
1773072000,32.4,34.824,32.386,34.133
1773086400,34.115,35.366,33.948,34.682
1773100800,34.668,34.761,33.5,34.745
1773115200,34.746,34.872,33.883,34.561
1773129600,34.562,35.138,34.548,34.943
1773144000,34.926,35.197,33.959,34.835
1773158400,34.839,34.9,33.71,33.955
1773172800,33.95,34.283,33.608,34.191
1773187200,34.188,34.83,34.09,34.378
1773201600,34.367,35,34.354,34.411
1773216000,34.413,35,34.15,34.899
1773230400,34.905,36.989,34.778,36.354
1773244800,36.348,36.817,35.951,36.337
1773259200,36.332,36.604,35.791,36.22
1773273600,36.234,37.086,35.8,35.862
1773288000,35.858,37.457,35.855,36.841
1773302400,36.838,38.022,36.771,37.333
1773316800,37.332,37.996,36.891,37.42
1773331200,37.426,37.871,37.017,37.111
1773345600,37.115,37.5,36.87,37.281
1773360000,37.295,38.5,37.192,38.13
1773374400,38.117,38.238,37.322,37.74
1773388800,37.744,37.758,36.95,37.343
1773403200,37.34,37.682,36.136,36.259
1773417600,36.274,36.836,36,36.78
1773432000,36.776,36.974,36,36.461
1773446400,36.469,37.096,36.376,37.002
1773460800,37.012,37.49,36.953,37.217
1773475200,37.217,37.233,36.607,36.926
1773489600,36.925,38.35,36.921,38.013
1773504000,38.023,38.814,37.815,38.075
1773518400,38.062,38.264,37.713,37.826
1773532800,37.826,38.22,37.632,38.127
1773547200,38.12,38.262,37.415,37.536
1773561600,37.536,37.773,37.124,37.656
1773576000,37.663,37.669,37.212,37.298
1773590400,37.298,37.522,36.801,37.113
1773604800,37.121,37.696,36.889,37.27
1773619200,37.284,38.174,37.25,37.838
1773633600,37.835,39.295,37.771,38.755
1773648000,38.76,39.596,38.734,39.486
1773662400,39.486,39.702,38.452,39.068
1773676800,39.054,39.625,38.688,39.577
1773691200,39.587,41.39,39.419,40.794
1773705600,40.779,41.259,40.094,40.496
1773720000,40.508,41.5,40.254,41.5
1773734400,41.494,41.74,40.44,41.435
1773748800,41.438,41.656,39.672,39.909
1773763200,39.902,41.34,39.902,41.025
1773777600,41.025,42.121,40.923,41.174
1773792000,41.173,42.326,40.555,42.211
1773806400,42.212,42.313,41.355,41.697
1773820800,41.688,42.042,40.896,41.207
1773835200,41.203,42.95,40.22,41.629
1773849600,41.607,43.76,41.569,42.54
1773864000,42.546,43.026,41.545,42.1
1773878400,42.095,42.249,41,41.541
1773892800,41.534,41.616,40.016,40.139
1773907200,40.132,40.254,39.1,39.498
1773921600,39.48,39.834,38.486,39.595
1773936000,39.603,40.55,39.083,39.767
1773950400,39.785,40.066,39.021,39.335
1773964800,39.342,40.337,39.235,39.9
1773979200,39.9,40.355,39.133,40.317
1773993600,40.318,40.723,39.221,39.51
1774008000,39.51,39.64,38.662,39.471
1774022400,39.483,39.926,38.384,39.113
1774036800,39.132,40.131,38.777,39.542
1774051200,39.547,39.843,39.311,39.642
1774065600,39.641,39.811,39.229,39.693
1774080000,39.686,40.081,39.463,40.072
1774094400,40.083,40.155,39.709,39.945
1774108800,39.943,40.451,39.84,40.173
1774123200,40.166,40.245,38.933,39.14
1774137600,39.136,39.509,38.551,39.065
1774152000,39.065,39.252,38.088,38.289
1774166400,38.274,38.339,37.818,37.937
1774180800,37.952,38.406,37.939,38.075
1774195200,38.064,38.22,37.9,38.011
1774209600,38.02,38.724,37.47,38.349
1774224000,38.352,38.426,37.516,38.025
1774238400,38.033,38.432,37.319,37.439
1774252800,37.473,39.582,36.75,37.572
1774267200,37.582,39.002,37.148,37.666
1774281600,37.685,38.233,37.334,37.899
1774296000,37.904,38.213,37.093,37.347
1774310400,37.357,37.879,37.243,37.867
1774324800,37.879,38.563,37.81,38.535
1774339200,38.544,38.9,38.102,38.604
1774353600,38.613,39.767,37.993,39.396
1774368000,39.402,39.93,38.795,39.703
1774382400,39.703,40.455,39.68,40.338
1774396800,40.338,40.958,39.856,40.274
1774411200,40.274,40.416,39.99,40.279
1774425600,40.273,41.614,40.273,41.354
1774440000,41.371,41.406,40.04,40.272
1774454400,40.28,40.841,40.271,40.486
1774468800,40.492,40.492,39.676,40.332
1774483200,40.314,40.374,39.285,39.451
1774497600,39.441,39.462,38.724,39.053
1774512000,39.04,39.406,38.871,39.086
1774526400,39.082,39.793,39.063,39.225
1774540800,39.221,39.231,38.35,38.452
1774555200,38.442,39.194,38.292,39.132
1774569600,39.132,39.345,38.427,38.62
1774584000,38.628,39.378,38.497,39.329
1774598400,39.32,39.406,37.911,38.322
1774612800,38.323,38.955,37.924,38.648
1774627200,38.653,38.816,38.108,38.738
1774641600,38.732,38.873,38.239,38.657
1774656000,38.671,38.671,37.988,38.525
1774670400,38.524,39.376,38.324,39.365
1774684800,39.372,39.7,39.151,39.545
1774699200,39.556,40.267,39.434,40.215
1774713600,40.214,40.256,39.556,39.899
1774728000,39.898,39.95,39.396,39.466
1774742400,39.466,39.979,39.249,39.931
1774756800,39.931,40.046,39.619,39.686
1774771200,39.686,39.905,39.209,39.325
1774785600,39.325,39.463,38.741,38.995
1774800000,38.98,39.135,38.588,38.59
1774814400,38.596,38.923,37.721,37.807
1774828800,37.845,38.724,37.49,38.262
1774843200,38.281,38.785,37.978,38.415
1774857600,38.423,38.615,37.86,38.059
1774872000,38.069,38.537,37.751,38.268
1774886400,38.255,38.275,36.484,37.074
1774900800,37.077,37.256,36.645,36.846
1774915200,36.837,37.63,36.638,37.306
1774929600,37.316,37.343,36.394,36.694
1774944000,36.712,36.736,35.651,35.784
1774958400,35.787,36.907,35.728,35.961
1774972800,35.971,37.325,35.967,36.614
1774987200,36.603,36.998,36.109,36.594
1775001600,36.593,36.636,35.957,36.425
1775016000,36.425,37.795,36.339,37.38
1775030400,37.38,37.475,36.75,37.244
1775044800,37.221,37.429,36.616,37.403
1775059200,37.398,37.444,36.066,36.149
1775073600,36.163,36.28,35.867,36.019
1775088000,36.029,36.28,35.062,35.195
1775102400,35.198,35.506,34.922,35.094
1775116800,35.076,35.308,34.691,34.8
1775131200,34.802,34.931,34.44,34.881
1775145600,34.881,35.221,34.576,34.926
1775160000,34.938,35.345,34.848,35.203
1775174400,35.203,35.604,35.1,35.436
1775188800,35.445,35.908,35.377,35.84
1775203200,35.839,36.077,35.656,35.984
1775217600,35.978,36.129,35.422,35.797
1775232000,35.797,36.093,35.515,35.777
1775246400,35.784,35.94,35.512,35.606
1775260800,35.611,35.979,35.508,35.871
1775275200,35.874,35.879,35.628,35.743
1775289600,35.76,35.858,35.646,35.812
1775304000,35.818,35.926,35.55,35.913
1775318400,35.914,36.248,35.882,35.978
1775332800,35.987,36.555,35.935,36.388
1775347200,36.387,36.424,35.917,35.938
1775361600,35.938,35.979,35.466,35.661
1775376000,35.66,35.922,35.643,35.67
1775390400,35.656,35.814,35.157,35.552
1775404800,35.552,35.851,35.435,35.844
1775419200,35.844,37.015,35.705,36.843
1775433600,36.861,37.26,36.578,37.134
1775448000,37.129,37.442,36.791,37.2
1775462400,37.2,37.611,37.086,37.251
1775476800,37.263,37.744,36.995,37.696
1775491200,37.697,37.778,36.833,37.32
1775505600,37.345,37.392,36.014,36.296
1775520000,36.316,36.568,36.096,36.412
1775534400,36.416,36.516,36.085,36.198
1775548800,36.21,37.134,36.207,36.395
1775563200,36.402,36.496,35.774,36.042
1775577600,36.047,37.24,36.034,37.197
1775592000,37.223,39.204,36.97,38.638
1775606400,38.634,38.857,38.062,38.287
1775620800,38.287,39.455,38.262,39.403
1775635200,39.406,39.711,39.105,39.298
1775649600,39.291,39.881,38.537,38.869
1775664000,38.859,38.945,37.796,38.114
1775678400,38.117,39.689,37.942,38.816
1775692800,38.792,38.83,38.184,38.709
1775707200,38.693,38.899,38.239,38.764
1775721600,38.757,39.314,38.735,38.843
1775736000,38.839,39.84,38.799,39.581
1775750400,39.58,40.298,39.381,40.071
1775764800,40.062,40.396,39.326,39.477
1775779200,39.47,40.944,39.44,40.173
1775793600,40.186,40.816,40.032,40.06
1775808000,40.065,41.19,40.065,41.161
1775822400,41.145,42.263,41.042,41.722
1775836800,41.738,42.259,41.581,41.701
1775851200,41.7,41.873,41.302,41.609
1775865600,41.616,42.135,41.491,41.85
1775880000,41.848,42.68,41.587,42.533
1775894400,42.536,42.575,42.134,42.431
1775908800,42.422,42.552,41.773,41.896
1775923200,41.891,43.155,41.871,43.026
1775937600,42.997,43.029,42.085,42.294
1775952000,42.298,42.836,40.988,41.09
1775966400,41.09,41.144,40.548,40.784
1775980800,40.784,40.956,40.402,40.422
1775995200,40.413,40.9,40.179,40.833
1776009600,40.82,41.393,40.82,41.111
1776024000,41.116,41.262,40.462,40.855
1776038400,40.865,42.007,40.806,41.57
1776052800,41.565,41.71,41.064,41.266
1776067200,41.25,41.964,41.179,41.856
1776081600,41.859,42.9,41.55,42.447
1776096000,42.466,44,42.234,43.663
1776110400,43.662,44.599,43.166,44.361
1776124800,44.374,45,44.188,44.72
1776139200,44.718,45.029,44.494,44.546
1776153600,44.554,45.316,44.443,44.826
1776168000,44.821,45.196,43.34,43.55
1776182400,43.536,43.894,43.131,43.415
1776196800,43.419,43.578,42.993,43.554
1776211200,43.554,44.554,43.482,44.019
1776225600,44.022,44.108,43,43.34
1776240000,43.339,44.252,43.239,44.232
1776254400,44.232,44.74,43.954,44.6
1776268800,44.601,45.429,44.232,44.877
1776283200,44.884,45.011,44.282,44.673
1776297600,44.672,45.234,44.13,44.873
1776312000,44.866,45.79,44.845,45.313
1776326400,45.312,45.461,44.476,44.639
1776340800,44.629,45.124,44.301,44.752
1776355200,44.762,44.876,43.445,44.134
1776369600,44.123,44.402,43.35,43.834
1776384000,43.833,44.381,43.2,43.297
1776398400,43.298,43.916,43.285,43.867
1776412800,43.887,44.448,43.267,43.645
1776427200,43.65,45.311,43.561,45.311
1776441600,45.3,45.568,44,44.445
1776456000,44.44,44.904,44.155,44.668
1776470400,44.662,45.476,44.495,45.169
1776484800,45.171,45.202,44.614,44.627
1776499200,44.63,45.134,44.07,44.318
1776513600,44.317,44.65,44,44.604
1776528000,44.601,44.716,43.758,44.026
1776542400,44.031,44.3,43.782,43.805
1776556800,43.805,43.967,43.203,43.374
1776571200,43.37,43.672,42.947,43.181
1776585600,43.18,43.437,42.76,43.423
1776600000,43.433,43.941,43.177,43.384
1776614400,43.384,43.4,41.39,41.547
1776628800,41.546,41.612,40.502,40.681
1776643200,40.674,41.579,40.674,41.222
1776657600,41.223,41.566,40.738,40.911
1776672000,40.912,41.279,40.741,41.2
1776686400,41.209,41.807,40.648,41.221
1776700800,41.221,41.659,40.716,41.348
1776715200,41.33,41.58,40.557,40.728
1776729600,40.728,41.384,40.37,41.27
1776744000,41.27,41.371,40.65,40.914
1776758400,40.918,41.249,40.575,40.894
1776772800,40.896,40.896,39.8,40.027
1776787200,40.035,40.112,38.91,38.946
1776801600,38.962,39.904,38.914,39.775
1776816000,39.774,40.651,39.636,40.123
1776830400,40.123,40.728,39.983,40.413
1776844800,40.421,41.108,40.34,41.061
1776859200,41.061,41.54,40.805,40.993
1776873600,41.011,41.444,40.783,40.98
1776888000,40.979,41.741,40.876,41.186
1776902400,41.186,41.427,40.585,40.709
1776916800,40.695,41.28,40.583,41.253
1776931200,41.25,41.374,40.556,41.11
1776945600,41.097,41.891,41.081,41.878
1776960000,41.853,41.874,40.773,40.988
1776974400,40.99,41.336,40.947,41.312
1776988800,41.318,41.535,40.886,41.07
1777003200,41.075,41.242,40.894,41.014
1777017600,41.017,41.136,40.68,41.058
1777032000,41.058,41.246,40.717,41.202
1777046400,41.201,41.318,40.882,41.278
1777060800,41.28,41.49,41.111,41.173
1777075200,41.173,41.263,41.024,41.184
1777089600,41.19,41.298,41.038,41.26
1777104000,41.258,41.9,41.163,41.737
1777118400,41.738,41.755,41.352,41.436
1777132800,41.436,41.49,40.839,41.183
1777147200,41.183,41.506,41.094,41.506
1777161600,41.507,41.537,41.248,41.307
1777176000,41.305,41.576,41.157,41.262
1777190400,41.261,41.363,41.136,41.175
1777204800,41.175,41.399,40.979,41.391
1777219200,41.392,42.099,41.254,42.017
1777233600,42.017,42.606,41.855,42.47
1777248000,42.466,43.56,42.336,43.329
1777262400,43.334,43.369,42.22,42.345
1777276800,42.352,42.646,42.176,42.408
1777291200,42.398,42.949,41.631,41.726
1777305600,41.723,41.842,41.3,41.607
1777320000,41.608,41.676,41.275,41.671
1777334400,41.67,41.841,40.8,41.055
1777348800,41.037,41.376,40.166,40.595
1777363200,40.593,40.684,39.712,40.132
1777377600,40.133,40.216,39.54,39.756
1777392000,39.757,40.158,39.443,40.124
1777406400,40.114,40.182,39.84,40.18
1777420800,40.18,40.576,39.922,40.324
1777435200,40.323,40.852,40.162,40.561
1777449600,40.562,40.724,40.251,40.387
1777464000,40.383,40.412,39.383,39.566
1777478400,39.566,39.969,39.197,39.938
1777492800,39.944,40.182,39.711,39.957
1777507200,39.967,40.354,39.525,39.702
1777521600,39.704,39.705,39.253,39.536
1777536000,39.538,39.588,38.742,38.878
1777550400,38.879,39.437,38.747,39.241
1777564800,39.24,39.397,38.97,39.257
1777579200,39.253,39.725,39.062,39.716
1777593600,39.721,40.5,39.689,40.318
1777608000,40.318,40.408,39.751,39.91
1777622400,39.911,40.911,39.891,40.703
1777636800,40.704,41.157,40.54,40.997
1777651200,40.993,41.165,40.696,40.974
1777665600,40.968,41.165,40.703,41.15
1777680000,41.16,41.443,41.016,41.406
1777694400,41.408,41.667,41.193,41.667
1777708800,41.667,42.415,41.468,41.524
1777723200,41.523,41.761,41.32,41.576
1777737600,41.572,41.832,41.439,41.575
1777752000,41.589,41.623,41.26,41.26
1777766400,41.261,41.371,40.862,41.036
1777780800,41.035,41.115,40.81,41.016
1777795200,41.016,41.275,40.907,40.983
1777809600,40.984,41.207,40.71,40.726
1777824000,40.727,41.262,40.661,41.226
1777838400,41.226,41.726,41.061,41.539
1777852800,41.546,42.2,40.951,42.184
1777867200,42.183,42.566,41.667,41.819
1777881600,41.817,41.908,41.092,41.343
1777896000,41.341,41.736,40.902,41.391
1777910400,41.392,41.774,41.139,41.605
1777924800,41.606,42.48,41.524,41.791
1777939200,41.791,42.466,41.762,42.445
1777953600,42.453,43.25,42.283,43.225
1777968000,43.22,43.857,42.72,43.827
1777982400,43.834,44.204,43.582,44.04
1777996800,44.041,44.516,43.795,44.009
1778011200,44.055,44.63,43.608,43.728
1778025600,43.727,44.214,43.66,44.181
1778040000,44.188,44.414,43.851,44.414
1778054400,44.413,44.77,43.735,44.7
1778068800,44.703,44.788,43.168,43.55
1778083200,43.549,43.727,42.925,43.269
1778097600,43.263,43.43,42.94,43.111
1778112000,43.113,43.157,42.245,42.284
1778126400,42.268,43.323,42.234,43.322
1778140800,43.322,43.524,42.495,42.759
1778155200,42.754,43.179,42.059,42.106
1778169600,42.095,42.533,41.854,42.327
1778184000,42.327,42.666,42.235,42.525
1778198400,42.542,42.765,42.1,42.258
1778212800,42.255,42.729,42.041,42.729
1778227200,42.729,42.933,42.342,42.538
1778241600,42.538,43.121,42.156,43.121
1778256000,43.119,43.49,42.649,43.103
1778270400,43.113,43.419,43.04,43.278
1778284800,43.27,44.094,43.21,44.078
1778299200,44.077,44.367,43.798,43.811
1778313600,43.812,44.264,43.249,43.761
1778328000,43.766,43.984,43,43.122
1778342400,43.121,43.315,42.898,43.098
1778356800,43.115,43.16,42.56,42.9
1778371200,42.9,42.952,42.432,42.881
1778385600,42.878,43.196,42.82,43.074
1778400000,43.075,43.169,42.72,42.848
1778414400,42.847,43.3,42.42,43.239
1778428800,43.241,43.75,43.129,43.455
1778443200,43.449,43.683,42.185,43.021
1778457600,43.024,43.173,42,42.227
1778472000,42.221,42.288,41.348,41.864
1778486400,41.865,42.09,41.306,41.443
1778500800,41.446,41.666,40.838,41.66
1778515200,41.663,42.263,41.54,42.194
1778529600,42.2,42.244,41.785,42.018
1778544000,42.023,42.06,40.851,40.974
1778558400,40.977,41.4,40.793,41.285
1778572800,41.282,41.392,40.583,41.05
1778587200,41.06,41.161,40.053,40.308
1778601600,40.293,40.469,39.801,40.424
1778616000,40.429,40.587,40.127,40.241
1778630400,40.246,40.667,40.019,40.451
1778644800,40.457,40.457,39.882,40.196
1778659200,40.195,40.224,39.24,39.241
1778673600,39.241,39.568,38.813,38.833
1778688000,38.833,39.351,38.826,39.09
1778702400,39.098,39.224,38.662,38.79
1778716800,38.791,39.038,38.18,38.321
1778731200,38.321,39.327,38.291,39.018
1778745600,39.03,39.175,38.886,38.916
1778760000,38.915,42.95,38.907,42.643
1778774400,42.646,44.758,42.374,44.653
1778788800,44.658,44.674,43.641,44.161
1778803200,44.156,47,44.156,46.696
1778817600,46.695,46.956,45.168,46.678
1778832000,46.671,46.697,44.971,45.714
1778846400,45.714,45.8,42.611,44.125
1778860800,44.117,45.105,43.711,44.581
1778875200,44.579,44.943,43.774,44.179
1778889600,44.176,44.5,43.006,43.227
1778904000,43.222,43.232,41.336,41.998
1778918400,41.998,42.12,40.125,40.826
1778932800,40.834,41.31,40.71,40.911
1778947200,40.877,41.865,40.625,41.678
1778961600,41.691,42.073,41.677,41.822
1778976000,41.833,42.707,41.386,42.42
1778990400,42.418,42.923,41.968,42.821
1779004800,42.821,43.482,42.635,42.928
1779019200,42.929,44,42.548,43.602
1779033600,43.607,47.061,43.404,46.734
1779048000,46.732,47.25,44.715,45.728
1779062400,45.731,46.985,45.049,45.499
1779076800,45.499,46.061,44.856,45.285
1779091200,45.287,45.88,44.816,45.507
1779105600,45.511,46.287,44.271,44.743
1779120000,44.744,46.391,44.69,46.37
1779134400,46.394,47.883,45.7,47.74
1779148800,47.741,48.5,46.859,47.762
1779163200,47.764,48.422,47.245,47.84
1779177600,47.851,48.636,47.564,47.768
1779192000,47.765,48.498,47.293,47.82
1779206400,47.822,48.881,47.706,48.767
1779220800,48.768,48.771,47.663,48.029
1779235200,48.029,48.059,47.109,47.426
1779249600,47.451,48.696,47.34,48.48
1779264000,48.48,49.989,48.45,49.748
1779278400,49.743,51.923,49.531,51.405
1779292800,51.393,52.987,51.223,52.981
1779307200,52.983,54.842,51.73,54.822
1779321600,54.821,57,54.727,56.747
1779336000,56.747,58.556,55.713,58.392
1779350400,58.376,59.185,56.728,57.209
1779364800,57.209,62.47,56.739,61.033
1779379200,61.043,61.062,57.261,57.75
1779393600,57.752,59.094,56.269,58.521
1779408000,58.521,58.572,56.583,57.447
1779422400,57.452,58.261,56.974,57.895
1779436800,57.877,60.877,57.594,60.872
1779451200,60.857,61.893,57.734,57.911
1779465600,57.908,58.536,55.05,55.62
1779480000,55.631,56.379,54.283,54.583
1779494400,54.58,55.92,54.01,55.92
1779508800,55.92,55.922,54.705,55.642
1779523200,55.639,56.261,54.903,55.009
1779537600,55.01,57.68,54.469,57.145
1779552000,57.151,58.788,56.981,58.297
1779566400,58.273,59.793,57.5,58.72
1779580800,58.714,61.487,58.645,60.179
1779595200,60.202,62,59.7,61.974
1779609600,61.983,64.339,61.6,62.822
1779624000,62.827,64.339,61.628,63.657
1779638400,63.681,64.461,62.591,62.959
1779652800,62.929,63.708,61.266,62.746
1779667200,62.745,62.901,60.781,61.456
1779681600,61.455,63.499,60.966,63.431
1779696000,63.431,63.931,62.734,63.408
1779710400,63.405,63.834,62.377,62.582
1779724800,62.583,62.633,61.41,61.998
1779739200,61.991,62,60.888,61.111
1779753600,61.108,61.223,58.556,59.271
1779768000,59.318,60.778,58.979,59.744
1779782400,59.751,61.815,59.183,61.193
1779796800,61.185,64.727,60.5,62.526
1779811200,62.527,63.58,60.102,60.71
1779825600,60.707,60.792,58.735,59.512
1779840000,59.534,61.089,59.349,60.053
1779854400,60.055,62.63,59.556,62.129
1779868800,62.131,63.347,61.767,62.3
1779883200,62.312,63.026,59.586,60.481
1779897600,60.483,60.603,58.984,60.073
1779912000,60.076,60.424,57.351,57.693
1779926400,57.692,58.552,56.755,57.083
1779940800,57.082,58.245,56.66,58.038
1779955200,58.04,58.04,56.487,57.042
1779969600,57.041,58.78,56.301,57.65
1779984000,57.649,61.476,57.381,60.937
1779998400,60.944,62.108,60.126,61.518
1780012800,61.519,62.5,60.341,61.301
1780027200,61.299,62.802,60.831,62.781
1780041600,62.783,63.4,61.829,62.125
1780056000,62.142,66.667,61.4,65.65
1780070400,65.651,67.49,64.809,66.234
1780084800,66.238,66.42,63.948,64.436
1780099200,64.436,65.99,64.107,65.136
1780113600,65.135,66.338,63.987,66.062
1780128000,66.088,67.899,65.823,67.793
1780142400,67.794,68.525,66.666,67.186
1780156800,67.189,68.351,66.225,67.839
1780171200,67.844,68.326,67.039,68.29
1780185600,68.306,69.42,68.005,68.762
1780200000,68.763,70,68.361,69.169
1780214400,69.166,69.597,67.409,67.752
1780228800,67.773,69.252,67.488,68.582
1780243200,68.596,69.295,67.64,69.261
1780257600,69.262,72.955,68.97,72.049
1780272000,72.046,73.76,71.56,73.424
1780286400,73.424,73.932,72.032,72.292
1780300800,72.323,73.835,71.412,73.07
1780315200,73.071,74.47,70.378,70.861
1780329600,70.861,73.87,70.38,73.686
1780344000,73.686,75.169,71.674,73.587
1780358400,73.576,75.6,72.691,74.591
1780372800,74.576,74.921,71,72.045
1780387200,72.046,73.114,70.54,72.62
1780401600,72.627,73.89,70.217,71.812
1780416000,71.787,72.701,68.948,70.66
1780430400,70.66,71.526,67.808,69.759
1780444800,69.763,70.85,68.336,70.534
1780459200,70.546,73.586,70.528,73.079
1780473600,73.082,73.479,71.608,72.318
1780488000,72.329,73.874,71.667,72.099
1780502400,72.104,74.54,71.407,73.386
1780516800,73.36,75.534,71.999,74.511
1780531200,74.517,75.43,70.432,73.926
1780545600,73.931,74.855,67.565,67.702
1780560000,67.7,68.802,64.6,66.524
1780574400,66.537,68.404,65.318,67.435
1780588800,67.433,68.866,65.733,66.436
1780603200,66.449,67.742,62.93,64.397
1780617600,64.397,66,61.5,61.7
1780632000,61.678,63.718,58.932,62.672
1780646400,62.702,62.702,60.866,61.716
1780660800,61.722,63.43,57.071,57.784
1780675200,57.77,60.31,56.61,58.554
1780689600,58.545,60.666,58.079,59.795
1780704000,59.797,61.22,58.721,58.902
1780718400,58.924,60.512,57.436,59.916
1780732800,59.937,61,58.273,59.676
1780747200,59.686,59.964,57.662,58.332
1780761600,58.335,58.746,55.566,55.597
1780776000,55.58,57.019,55.5,56.523
1780790400,56.542,58.501,56.146,57.867
1780804800,57.867,60.04,57.595,59.913
1780819200,59.912,60.458,58.587,58.878
1780833600,58.881,59.231,57.02,58.491
1780848000,58.491,59.525,56.922,57.599
1780862400,57.61,59.911,57.526,59.742
1780876800,59.77,62.142,59.334,61.329
1780891200,61.35,63.422,60.245,63.045
1780905600,63.044,63.164,61.049,62.119
1780920000,62.131,65.734,61.284,64.769
1780934400,64.771,64.974,63.349,63.662
1780948800,63.672,64.5,62.813,63.812
1780963200,63.812,64.019,61.287,61.62
1780977600,61.635,62.523,60.683,62.218
1780992000,62.227,62.87,61.485,61.8
1781006400,61.812,62.3,58.648,58.894
1781020800,58.884,59.449,57.908,58.589
1781035200,58.59,59.5,57.306,57.782
1781049600,57.789,58.155,55.531,56.572
1781064000,56.596,56.596,55.034,55.702
1781078400,55.693,56.567,55.21,55.604
1781092800,55.598,58.433,54.803,57.499
1781107200,57.496,57.508,53.586,53.818
1781121600,53.859,54.223,52.586,53.272
1781136000,53.259,55.298,52.821,55.19
1781150400,55.19,56.346,54.364,55.582
1781164800,55.574,57.092,55.513,56.822
1781179200,56.821,57.52,55.7,56.719
1781193600,56.718,59.586,55.815,58.669
1781208000,58.662,59.586,58.167,58.96
1781222400,58.97,59.729,58.204,59.175
1781236800,59.185,59.4,56.828,56.986
1781251200,56.984,59.579,56.976,59.238
1781265600,59.239,61.172,59.04,59.757
1781280000,59.771,62.468,59.413,60.792
1781294400,60.793,61.28,59.206,59.268
1781308800,59.268,59.696,58.305,58.545
1781323200,58.56,58.946,57.228,58.76
1781337600,58.767,59.206,57.861,58.658
1781352000,58.657,60.484,58.53,59.937
1781366400,59.937,60.299,58.985,59.9
1781380800,59.912,60.92,59.7,60.716
1781395200,60.72,61.238,60.374,60.612
1781409600,60.619,60.682,59.701,60.078
1781424000,60.097,61.576,59.721,61.042
1781438400,61.052,61.335,59.656,60.261
1781452800,60.261,60.795,59.689,60.522
1781467200,60.53,64.14,60.272,63.943
1781481600,63.943,65.303,63.19,65.303
1781496000,65.303,65.85,64.41,65.236
1781510400,65.248,68.46,65.153,67.918
1781524800,67.916,68.393,66.626,68.004
1781539200,67.999,68.707,67.001,67.064
1781553600,67.16,68.337,66.076,66.912
1781568000,66.911,69.732,66.384,69.727
1781582400,69.732,72.999,69.05,72.889
1781596800,72.889,75.999,72.514,75.507
1781611200,75.507,76.9,72.613,74.863
1781625600,74.855,75.245,72.063,72.4
1781640000,72.424,73.937,72.066,73.562
1781654400,73.567,75.039,72.525,74.463
1781668800,74.458,75.29,72.771,73.345
1781683200,73.395,73.46,70.65,71.011
1781697600,71.011,74.562,69.934,74.424
1781712000,74.42,76.65,71.091,72.3
1781726400,72.293,72.847,70.166,71.113
1781740800,71.113,73.618,70.652,70.955
1781755200,70.948,71.646,68.582,71.498
1781769600,71.488,72.763,70.566,70.899
1781784000,70.887,72.254,67.146,67.44
1781798400,67.45,68.635,66.444,68.104
1781812800,68.104,69.184,67.265,68.29
1781827200,68.285,68.294,66.671,66.765
1781841600,66.765,67.734,65.489,66.537
1781856000,66.539,67.687,66.394,67.329
1781870400,67.353,69.576,66.495,69.323
1781884800,69.34,71.354,69.219,70.509
1781899200,70.572,70.946,68.882,70.263
1781913600,70.256,70.369,68.382,68.892
1781928000,68.898,70.911,68.646,69.96
1781942400,69.96,71.253,69.957,71.039
1781956800,71.038,71.386,68.707,71.067
1781971200,71.068,71.096,69,69.845
1781985600,69.836,71.036,69.4,70.725
1782000000,70.725,70.884,69.678,69.708
1782014400,69.734,70.115,68.285,68.504
1782028800,68.506,68.585,67.268,67.765
1782043200,67.747,69.315,67.296,68.72
1782057600,68.706,68.778,67.591,68.571
1782072000,68.571,68.867,66.568,66.891
1782086400,66.903,68.88,65.294,65.456
1782100800,65.475,67.538,65.282,67.269
1782115200,67.265,68.462,67.078,68.037
1782129600,68.026,69.524,66.817,66.931
1782144000,66.942,69.373,66.546,67.435
1782158400,67.389,67.672,65.789,66.243
1782172800,66.227,67.308,65.71,67.039
1782187200,67.039,67.163,63.364,63.502
1782201600,63.453,63.686,62.217,63.189
1782216000,63.214,63.648,61.546,62.331
1782230400,62.284,62.992,61.678,62.156
1782244800,62.159,62.89,61.667,62.138
1782259200,62.121,63.154,60.52,61.257
1782273600,61.255,62.572,60.404,61.922
1782288000,61.931,63.19,61.533,62.476
1782302400,62.475,62.568,59.707,59.871
1782316800,59.871,60.876,59.07,60.8
1782331200,60.778,64.261,60.586,63.916
1782345600,63.916,64.126,62.737,63.009
1782360000,63.017,64.601,62.578,63.76
1782374400,63.773,63.981,62.43,62.859
1782388800,62.859,63.831,58.55,61.81
1782403200,61.818,63.632,61.017,63.505
1782417600,63.51,65.404,62.856,64.057
1782432000,64.074,64.49,61.343,63.789
1782446400,63.801,65.046,61.964,65.021
1782460800,65.02,65.444,61.713,62.052
1782475200,62.063,65.04,60.968,64.845
1782489600,64.845,65.417,63.868,64.721
1782504000,64.775,65.07,63.241,64.332
1782518400,64.345,64.45,63.206,64.006
1782532800,63.984,64.731,63.037,63.578
1782547200,63.585,63.929,62.656,63.402
1782561600,63.391,64.689,62.9,64.377
1782576000,64.368,64.369,62.119,62.149
1782590400,62.159,62.757,61.51,61.65
1782604800,61.563,62.243,61.409,62.192
1782619200,62.192,62.619,61.562,62.598
1782633600,62.619,63.478,62.297,63.166
1782648000,63.173,63.487,62.5,63.004
1782662400,63.019,63.183,61.561,61.948
1782676800,61.935,62.364,60.53,61.401
1782691200,61.4,62.855,60.61,62.652
1782705600,62.675,63.149,61.467,62.55
1782720000,62.551,63.769,62.223,63.367
1782734400,63.359,64.916,63.088,64.816
1782748800,64.841,67.065,64.196,66.873
1782763200,66.873,67.726,66.193,66.878
1782777600,66.865,66.875,65.566,65.735
1782792000,65.746,66.45,65.25,65.638
1782806400,65.637,66.34,65.01,65.693
1782820800,65.674,65.95,64.333,64.973
1782835200,64.985,65.526,64.1,65.463
1782849600,65.473,65.744,64.141,64.983
1782864000,64.997,65.72,63,65.542
1782878400,65.541,65.95,64.002,64.445
1782892800,64.438,64.438,62.351,62.65
1782907200,62.681,64.873,62.396,64.654
1782921600,64.633,65.099,62.855,62.951
1782936000,62.977,64.175,61.93,62.375
1782950400,62.395,63.646,61.729,63.599
1782964800,63.596,63.821,62.891,63.112
1782979200,63.111,65.252,63.012,65.065
1782993600,65.052,66.491,64.69,65.354
1783008000,65.41,67.134,65.07,66.228
1783022400,66.233,66.971,65.464,66.906
1783036800,66.892,67.044,65.901,66.644
1783051200,66.643,67.707,66.266,67.321
1783065600,67.301,69.46,67.276,69.235
1783080000,69.234,70.759,68.764,69.914
1783094400,69.898,70.74,69.467,70.241
1783108800,70.228,71.194,70.2,70.658
1783123200,70.634,71.609,69.962,71.304
1783137600,71.308,72,70.81,71.476
1783152000,71.482,71.549,70.387,70.606
1783166400,70.608,71.284,70.364,70.601
1783180800,70.608,70.84,69.372,69.9
1783195200,69.901,70.21,69.496,69.802
1783209600,69.805,69.832,68.286,68.622
1783224000,68.623,69.315,68.189,68.634
1783238400,68.645,69.086,68.323,68.856
1783252800,68.89,69.846,68.69,69.5
1783267200,69.512,69.919,69.125,69.79
1783281600,69.783,71.662,69.738,71.346
1783296000,71.322,72.567,71.131,71.542
1783310400,71.512,71.721,70.624,70.807
1783324800,70.805,71.038,69.731,69.995
1783339200,70.011,70.856,68.644,70.744
1783353600,70.733,71.726,70.702,71.594
1783368000,71.595,71.687,70.522,70.593
1783382400,70.59,72.052,70.106,70.2
1783396800,70.186,71.285,69.5,70.577
1783411200,70.567,71.925,70.534,71.925
1783425600,71.924,72.899,70.849,71.958
1783440000,71.984,72.324,69.444,70.107
1783454400,70.136,70.446,68.923,69.13
1783468800,69.18,69.693,67.267,67.997
1783483200,67.997,68.403,67.705,68.223
1783497600,68.238,68.88,67.35,68.79
1783512000,68.832,68.848,66.495,66.88
1783526400,66.878,67.895,66.624,67.321
1783540800,67.327,67.759,66.168,67.611
1783555200,67.612,68.354,67.001,67.14
1783569600,67.136,68.389,67.016,68.078
1783584000,68.075,68.489,67.046,67.45
1783598400,67.45,68.702,67.065,67.423
1783612800,67.424,68.014,66.646,66.928
1783627200,66.928,67.418,66.926,67.104
1783641600,67.104,68.451,66.861,68.413
1783656000,68.41,68.48,67.72,68.255
1783670400,68.272,69.329,68.217,68.807
1783684800,68.813,68.981,67.167,67.446
1783699200,67.466,67.955,67.01,67.268
1783713600,67.25,67.59,66.697,67.519
1783728000,67.516,67.654,66.76,67.068
1783742400,67.051,67.084,66.18,66.424
1783756800,66.422,66.994,66.401,66.97
1783771200,66.97,67.763,66.354,67.205
1783785600,67.22,67.821,66.875,67.54
1783800000,67.546,68.24,66.787,66.796
1783814400,66.785,67.42,66.6,67.239
1783828800,67.228,67.332,66.497,66.922
1783843200,66.947,67.473,66.59,66.899
1783857600,66.889,67.847,66.63,67.53
1783872000,67.53,68.294,67.513,68.222
1783886400,68.221,68.33,66.926,67.325
1783900800,67.372,68.198,66.519,66.582
1783915200,66.598,66.693,64.868,65.45
1783929600,65.506,65.768,64.811,65.036
1783944000,65.043,65.07,63.408,63.903
1783958400,63.874,63.909,63.126,63.655
1783972800,63.654,63.654,62.596,63.391
1783987200,63.43,63.711,62.51,63.19
1784001600,63.185,64.09,62.966,63.456
1784016000,63.423,64.04,63.346,63.764
1784030400,63.766,65.315,63.546,64.702
1784044800,64.715,65.666,64.424,65.211
1784059200,65.241,66.087,64.99,65.533
1784073600,65.533,67.516,64.889,67.226
1784088000,67.233,67.5,66.616,66.806
1784102400,66.869,68.426,66.69,68.386
1784116800,68.399,68.948,67.2,67.851
1784131200,67.848,68.264,66.691,66.775
1784145600,66.774,67.44,66.707,66.832
1784160000,66.828,67.157,65.98,66.056
1784174400,66.076,66.907,65.926,66.465
1784188800,66.464,66.584,65.547,65.834
1784203200,65.835,66.133,65.162,65.316
1784217600,65.313,65.313,61.885,62.301
1784232000,62.303,62.761,60.495,60.713
1784246400,60.691,61.687,59.6,59.994
1784260800,59.963,60.148,58.483,58.629
1784275200,58.637,61.116,58.606,60.31
1784289600,60.309,60.966,58.939,60.761
1784304000,60.761,60.794,59.698,60.223
1784318400,60.222,60.261,59.441,59.72
1784332800,59.721,60.057,59.337,59.591
1784347200,59.603,59.603,58.541,59.37
1784361600,59.36,59.505,58.546,58.788
1784376000,58.787,59.723,58.252,59.197
1784390400,59.19,60.155,59.121,59.858
1784404800,59.881,60.579,59.805,60.216
1784419200,60.224,61.077,60.205,60.678
1784433600,60.679,61.012,60.588,60.73
1784448000,60.756,61.363,60.699,61.057
1784462400,61.073,61.33,60.628,60.904
1784476800,60.906,61.174,60.267,61.106
1784491200,61.088,61.469,60.822,61.125
1784505600,61.131,61.611,60.096,60.297
1784520000,60.326,60.867,59.83,60.7
1784534400,60.67,61.4,60.396,61.36
1784548800,61.36,62.312,60.443,62.189
1784563200,62.194,62.5,61.811,62.007
1784577600,62.037,62.9,61.938,62.457
1784592000,62.449,62.808,62.267,62.648
1784606400,62.635,63.389,62.576,62.955
1784620800,62.96,63.263,62.523,62.851
1784635200,62.847,62.87,61.55,61.795
1784649600,61.776,61.951,59.901,60.276
1784664000,60.305,60.977,59.85,60.872
1784678400,60.871,61.189,60.092,60.126
1784692800,60.099,60.574,58.02,58.537
1784707200,58.537,59.21,58.482,58.652
1784721600,58.632,59.132,58.046,58.075
1784736000,58.074,59.92,57.416,59.176
1784750400,59.165,60.07,58.786,59.346
1784764800,59.402,59.751,58.443,59.062
1784779200,59.069,59.514,58.26,58.635
1784793600,58.64,59.491,58.614,59.287
1784808000,59.292,60.018,58.842,59.483
1784822400,59.499,59.5,57.587,57.942
1784836800,57.942,58.458,57.139,57.472
1784851200,57.466,58.35,57.197,58.18
1784865600,58.18,58.985,58.167,58.66
1784880000,58.662,59.04,58.236,58.511
1784894400,58.52,59.184,57.884,58.76
1784908800,58.758,59.111,57.988,58.114
1784923200,58.116,58.247,56.528,57.406
1784937600,57.415,57.697,57.046,57.409
1784952000,57.391,57.487,57.073,57.148
1784966400,57.148,57.939,56.912,57.693
1784980800,57.678,57.965,57.204,57.727
1784995200,57.746,58.503,57.631,58.047
1785009600,58.036,58.26,57.838,58.162
1785024000,58.109,58.614,58.067,58.556
1785038400,58.567,58.768,58.321,58.582
1785052800,58.584,58.89,58.359,58.604
1785067200,58.607,59.159,58.474,58.986
1785081600,58.988,59.566,58.769,58.974
1785096000,58.975,59.856,58.777,59.595
1785110400,59.605,59.93,59.099,59.915
1785124800,59.915,60.451,59.844,59.969
1785139200,59.988,60.418,59.751,59.814
1785153600,59.813,60.066,57.331,57.392
1785168000,57.39,57.878,56.258,57.243
1785182400,57.244,57.264,55.68,56.049
1785196800,56.078,56.443,55.589,56.163
1785211200,56.152,56.399,54.499,55.314
1785225600,55.315,55.383,54.306,54.352
1785240000,54.351,55.57,54,55.265
1785254400,55.267,55.813,54.6,55.37
1785268800,55.426,55.729,54.483,55.156
1785283200,55.155,55.37,54.203,54.336
1785297600,54.341,55.531,53.98,55.403
1785312000,55.414,55.417,54.546,54.929
1785326400,54.928,55.503,54.57,54.748
1785340800,54.741,55.489,53.091,53.116
1785355200,53.112,54.096,53.062,53.879
1785369600,53.88,54.314,53.747,54.047
1785384000,54.047,54.096,53.451,53.651
1785398400,53.67,54.122,52.918,53.146
1785412800,53.144,54.556,52.83,54.421
1785427200,54.421,55.415,54.39,55.403
1785441600,55.38,56.121,54.937,55.841
1785456000,55.842,56.081,54.825,55.064
1785470400,55.054,55.648,54.463,54.526
1785484800,54.55,54.957,54.118,54.92
1785499200,54.926,55.502,53.996,54.246
1785513600,54.252,54.496,52.145,52.292
1785528000,52.313,52.974,51.844,52.499
1785542400,52.5,52.659,52.074,52.266
1785556800,52.265,52.369,51.485,51.839
1785571200,51.858,52.452,51.82,52.125
1785585600,52.137,52.629,52.071,52.428
1785600000,52.436,52.636,51.589,52.029
1785614400,52.027,52.26,51.882,52.135
1785628800,52.152,53.052,52.133,52.752
1785643200,52.744,52.847,51.828,51.864
1785657600,51.878,52.12,51.13,51.251
1785672000,51.254,51.696,51.11,51.356
1785686400,51.365,52.826,51.293,52.713
1785700800,52.714,53.008,52.406,52.556
1785715200,52.56,52.7,52.018,52.211
1785729600,52.21,52.808,51.951,52.37
1785744000,52.372,53.196,51.967,52.725
1785758400,52.724,54.423,52.603,54.304
1785772800,54.304,54.8,54.043,54.487
1785787200,54.486,54.712,53.76,53.976
1785801600,53.985,54.501,53.556,54.123
1785816000,54.149,54.91,54.124,54.748
1785830400,54.754,55.525,54.486,55.523
1785844800,55.495,55.82,55.006,55.398
1785859200,55.448,55.8,55.211,55.56
1785873600,55.557,55.781,55.018,55.038
1785888000,55.039,56.532,54.664,55.964
1785902400,55.968,57.27,55.928,57.08
1785916800,57.08,57.9,56.878,57.012
1785931200,57.034,57.767,56.562,57.098
1785945600,57.102,57.955,57.102,57.22
1785960000,57.224,57.297,56.653,56.949
1785974400,56.955,57.21,56.06,56.341
1785988800,56.336,56.668,55.75,55.995
1786003200,56.007,56.179,55.289,55.343
1786017600,55.346,56.139,54.645,55.587
1786032000,55.587,56.563,55.297,56.043
1786046400,56.064,56.336,55.807,56.183
1786060800,56.183,56.2,55.496,55.64
1786075200,55.633,55.777,55.051,55.615
1786089600,55.585,56.999,55.569,56.966
1786104000,56.978,56.996,55.485,55.764
1786118400,55.77,55.795,53.5,54.613
1786132800,54.613,54.614,53.818,54.103
1786147200,54.08,54.412,53.854,54.351
1786161600,54.372,54.466,54.167,54.392
1786176000,54.391,54.841,54.365,54.536
1786190400,54.538,54.951,54.338,54.741
1786204800,54.75,55.171,54.724,54.946
1786219200,54.946,55.246,54.899,55.108
1786233600,55.096,55.318,54.64,54.73
1786248000,54.733,55.01,54.556,54.774
1786262400,54.774,54.897,54.096,54.23
1786276800,54.239,54.892,54.113,54.855
1786291200,54.88,55.022,54.56,54.687
1786305600,54.687,54.838,53.745,53.866
1786320000,53.856,54.51,53.802,54.096
1786334400,54.079,54.813,53.934,54.756
1786348800,54.765,54.914,54.214,54.782
1786363200,54.781,55.261,54.022,54.316
1786377600,54.309,55.832,53.954,55.832
1786392000,55.833,56.046,55.004,55.055
1786406400,55.052,55.493,54.765,55.393
1786420800,55.393,55.6,54.803,55.053
1786435200,55.056,55.386,54.88,55.299
1786449600,55.308,55.347,53.669,53.867
1786464000,53.87,54.569,53.766,54.523
1786478400,54.541,54.708,54.215,54.451
1786492800,54.424,54.722,54.245,54.617
1786507200,54.616,55.177,54.408,55.113
1786521600,55.112,55.788,54.84,55.764
1786536000,55.764,56.56,55.45,56.506
1786550400,56.508,56.896,56.139,56.19
1786564800,56.216,56.438,55.905,56.027
1786579200,56.025,56.657,55.98,56.408
1786593600,56.427,57.494,56.367,57.315
1786608000,57.313,57.74,56.846,57.029
1786622400,57.027,58.447,56.975,57.815
1786636800,57.865,58.059,57.36,57.45
1786651200,57.447,57.614,57.081,57.473
1786665600,57.473,57.614,56.562,56.563
1786680000,56.562,56.931,56.337,56.436
1786694400,56.437,56.817,56.136,56.193
1786708800,56.19,56.285,55.476,55.612
1786723200,55.607,56.063,55.35,55.703
1786737600,55.699,56.496,55.401,56.47
1786752000,56.495,56.69,56.227,56.551
1786766400,56.55,56.613,55.84,56.433
1786780800,56.423,56.446,55.861,56.036
1786795200,56.036,56.813,55.911,56.795
1786809600,56.77,57.33,56.632,57.281
1786824000,57.279,57.279,56.738,56.877
1786838400,56.872,57.268,56.727,56.925
1786852800,56.925,57.454,56.79,57.446
1786867200,57.445,57.541,57.253,57.375
1786881600,57.365,57.478,57.046,57.421
1786896000,57.42,58.017,57.396,57.691
1786910400,57.69,57.79,57.053,57.116
1786924800,57.115,59.158,57.054,59.121
1786939200,59.116,59.648,58.672,59.536
1786953600,59.539,59.857,59.077,59.479
1786968000,59.482,59.628,58.82,59.28
1786982400,59.28,59.293,58.746,58.963
1786996800,58.967,59.488,58.441,59.435
1787011200,59.436,59.673,59.004,59.4
1787025600,59.367,60.459,58.88,59.647
1787040000,59.656,59.993,59.186,59.858
1787054400,59.852,59.9,59.014,59.353
1787068800,59.386,59.394,58.241,58.936
1787083200,58.956,59.117,58.301,58.518
1787097600,58.517,58.846,58.198,58.374
1787112000,58.379,58.66,58.04,58.155
1787126400,58.155,58.959,58.088,58.718
1787140800,58.718,61.861,58.612,61.854
1787155200,61.852,71.888,61.491,70.185
