timestamp,open,high,low,close
1782149700,165.112503052,165.25,165.009994507,165.104995728
1782150000,165.104995728,165.580001831,165.059997559,165.341003418
1782150300,165.407592773,165.649993896,165.100906372,165.214996338
1782150600,165.220001221,166.690002441,165.152496338,166.460006714
1782150900,166.449996948,166.699996948,166.259994507,166.339706421
1782151200,166.335006714,166.574005127,165.300003052,165.390106201
1782151500,165.38999939,165.800003052,165.25,165.780105591
1782151800,165.785003662,165.88999939,165.020004272,165.10899353
1782152100,165.104995728,165.630004883,165.100006104,165.609695435
1782152400,165.600006104,166.36000061,165.580093384,166.20010376
1782152700,166.205001831,166.380004883,165.612503052,165.669998169
1782153000,165.675003052,165.800003052,165.350006104,165.490005493
1782153300,165.479995728,165.489395142,165.100006104,165.100997925
1782153600,165.11000061,165.240005493,165.029998779,165.074996948
1782153900,165.074996948,165.300003052,165.009994507,165.089996338
1782154200,165.089996338,165.169998169,162.220001221,162.225006104
1782154500,162.225006104,162.679992676,161.449996948,161.519393921
1782154800,161.520004272,162,161.110107422,161.17010498
1782155100,161.160003662,161.219894409,160.399993896,160.405502319
1782155400,160.404998779,160.649993896,160.160003662,160.257797241
1782155700,160.25100708,160.257797241,160,160.011001587
1782156000,160.019805908,160.089996338,158.309997559,158.75
1782156300,158.774993896,159.320007324,158.050003052,158.759994507
1782156600,158.760101318,159.220001221,157.42010498,157.440002441
1782156900,157.429992676,157.479995728,155.5,155.739501953
1782157200,155.5,156.86000061,155.369995117,155.804992676
1782157500,155.800003052,155.862304688,154.330001831,155.850006104
1782157800,155.839996338,156.509994507,154,155.733001709
1782158100,155.740005493,155.800003052,154.210006714,154.589996338
1782221400,151.029998779,152.919906616,149,152.665100098
1782221700,152.669998169,154.13999939,149.289993286,149.339904785
1782222000,149.289993286,149.518005371,147.11000061,148.854003906
1782222300,148.880004883,153.190002441,148.63999939,152.540100098
1782222600,152.589904785,153.88999939,151.621307373,153.354995728
1782222900,153.419998169,156.5,151,155.740005493
1782223200,155.740005493,158.869995117,155.440002441,158.475006104
1782223500,158.5,158.5,156.270004272,156.699996948
1782223800,156.740005493,157.869995117,155.5,157.460006714
1782224100,157.451004028,158.119995117,155.119995117,155.413497925
1782224400,155.420501709,155.809997559,154.119995117,155.479995728
1782224700,155.5,156.690002441,155.089996338,155.804992676
1782225000,155.877807617,158.459899902,155.75,158.290603638
1782225300,158.300003052,159.300003052,157.309997559,158.410003662
1782225600,158.469894409,158.68989563,156.660003662,156.778106689
1782225900,156.680099487,157.278793335,155.630096436,156.535003662
1782226200,156.535003662,157.869995117,156.412506104,156.929504395
1782226500,156.869995117,158.499893188,156.699996948,158.410003662
1782226800,158.380004883,159.490005493,158.089996338,159.104995728
1782227100,159.104995728,159.839996338,158.309997559,159.708694458
1782227400,159.660003662,159.86000061,158.550003052,159.039993286
1782227700,159.029998779,159.449996948,157.800003052,157.824996948
1782228000,157.824996948,159.669998169,157.779998779,159.565002441
1782228300,159.550003052,159.6690979,158.151199341,158.350006104
1782228600,158.339996338,158.339996338,157.300003052,157.895004272
1782228900,157.895004272,158,156.800094604,156.949996948
1782229200,156.949996948,158.5,156.899993896,158.462493896
1782229500,158.460006714,158.979995728,157.929992676,158.369995117
1782229800,158.379104614,159.800003052,158.294998169,159.779998779
1782230100,159.76499939,161.460006714,159.400100708,161.220001221
1782230400,161.225006104,162.380004883,161.010101318,162.36000061
1782230700,162.36819458,163.679992676,162.169998169,163.169906616
1782231000,163.130004883,163.770004272,160.11000061,162.710098267
1782231300,162.73500061,163.320007324,162.429992676,162.710006714
1782231600,162.710006714,163.879898071,161.699996948,163.75
1782231900,163.740005493,164.13999939,163.430099487,163.609893799
1782232200,163.61000061,165.5,162.367599487,162.740005493
1782232500,162.740005493,163.190002441,161.509994507,162.039993286
1782232800,162.039993286,163.100006104,161.852493286,162.804992676
1782233100,162.800003052,162.979995728,161.740005493,162.410003662
1782233400,162.354995728,163.160003662,162.039993286,162.869995117
1782233700,162.919998169,163.431503296,162.86000061,163.25920105
1782234000,163.229995728,164.020004272,163.229995728,163.925003052
1782234300,163.929992676,164.38999939,163.449996948,164.358596802
1782234600,164.350006104,164.529998779,163.789993286,164.279998779
1782234900,164.300003052,164.69960022,164.070007324,164.309997559
1782235200,164.330001831,164.679992676,163.529998779,163.940002441
1782235500,163.929992676,164.300003052,163.300003052,163.815002441
1782235800,163.815002441,163.850006104,162.829803467,163.220001221
1782236100,163.220001221,163.75,162.509994507,162.554992676
1782236400,162.520004272,162.988494873,161.800003052,161.869903564
1782236700,161.845001221,162.449996948,161.009994507,161.089996338
1782237000,161.070007324,161.850006104,160.510101318,160.524993896
1782237300,160.570007324,161.350006104,160.440002441,161.115005493
1782237600,161.11000061,161.729995728,161.059997559,161.535903931
1782237900,161.554992676,162.380004883,161.500106812,161.899993896
1782238200,161.899993896,162,160,160.000106812
1782238500,160,160.315002441,159.425201416,160.080001831
1782238800,160.074996948,160.649993896,159.690002441,160.300796509
1782239100,160.26499939,160.669998169,160.160095215,160.320098877
1782239400,160.300003052,160.539993286,159.869995117,160.130004883
1782239700,160.11000061,160.740005493,159.899993896,160.494995117
1782240000,160.498901367,160.529998779,159.580001831,159.612503052
1782240300,159.615005493,159.615005493,158.339996338,159.25
1782240600,159.259994507,159.570007324,158.300094604,158.789993286
1782240900,158.820007324,158.969894409,158.161193848,158.742492676
1782241200,158.744995117,158.968994141,158.259994507,158.369995117
1782241500,158.36000061,158.800003052,157.570007324,157.669998169
1782241800,157.669998169,158.339996338,157.429992676,158.179992676
1782242100,158.167297363,158.330001831,157.300003052,157.904998779
1782242400,157.899993896,158.869995117,157.620605469,158.339996338
1782242700,158.320007324,159.339996338,158.300003052,159.085006714
1782243000,159.100006104,159.300003052,158.149993896,158.979995728
1782243300,158.955001831,159.649993896,158.751205444,159.529998779
1782243600,159.56930542,160.059997559,158.229995728,158.229995728
1782243900,158.225006104,158.990005493,158.220001221,158.990005493
1782244200,158.914993286,159.130004883,158.45010376,158.904998779
1782244500,158.904998779,159.080001831,156.024993896,156.059997559
1782307800,154.195404053,156.179992676,153.580001831,154.740005493
1782308100,154.74029541,155.350006104,152.13999939,152.381103516
1782308400,152.380004883,152.88999939,150.720001221,151.470001221
1782308700,151.48500061,153.699905396,151.300003052,153.380004883
1782309000,153.380004883,155,153.229995728,154.759902954
1782309300,154.779998779,154.830001831,152.61000061,154.148101807
1782309600,154.125,157.220001221,153.449996948,156.880004883
1782309900,156.800003052,157.589996338,155.729995728,157.470001221
1782310200,157.475006104,157.550003052,154.779998779,155.945007324
1782310500,155.899993896,156.199996948,154.940002441,155.960006714
1782310800,155.970001221,157.899993896,155.229995728,157.710006714
1782311100,157.739898682,158.470001221,157,158.25
1782311400,158.199996948,158.990005493,157.36000061,158.785003662
1782311700,158.772506714,158.990005493,156.740005493,156.850006104
1782312000,156.899002075,157.729995728,156.350006104,157.559997559
1782312300,157.449996948,157.899993896,156.210006714,156.380004883
1782312600,156.345001221,157.350006104,156.31010437,156.589996338
1782312900,156.539993286,157.5,156.13999939,157.166397095
1782313200,157.199996948,158.279998779,156.910003662,158.032501221
1782313500,158.199996948,158.279907227,157.535003662,158
1782313800,157.98500061,158.567306519,157.710006714,158.285003662
1782314100,158.315002441,159.570007324,158.009994507,158.86000061
1782314400,158.809997559,159.410003662,157.88999939,157.947494507
1782314700,157.919998169,158.399993896,157.660003662,158.158798218
1782315000,158.160003662,158.48500061,158,158.169998169
1782315300,158.184997559,159.399993896,158.088104248,159.139892578
1782315600,159.100006104,159.38999939,158.869995117,159.25
1782315900,159.300003052,159.5,158.690002441,159.350006104
1782316200,159.38999939,159.859893799,158.880004883,159.119995117
1782316500,159.065002441,159.600006104,158.600006104,158.63999939
1782316800,158.653900146,159.080001831,157.5,157.559997559
1782317100,157.600006104,158.160003662,157.149993896,157.882507324
1782317400,157.940002441,158.659896851,157.690002441,158.490005493
1782317700,158.520004272,158.699996948,158.059997559,158.339996338
1782318000,158.367904663,158.880004883,158.133300781,158.529998779
1782318300,158.61000061,159,158.130004883,158.741195679
1782318600,158.839996338,158.839996338,157.559997559,157.660003662
1782318900,157.679992676,157.899993896,156.25,156.483795166
1782319200,156.490005493,156.850006104,155.5,156.089996338
1782319500,156.074996948,156.449996948,155.330093384,155.779998779
1782319800,155.826004028,156.38999939,155.615005493,155.934997559
1782320100,155.934997559,156.25,155.344894409,156.059997559
1782320400,156.089996338,156.410003662,155.839996338,156.354995728
1782320700,156.354995728,156.419998169,155.100006104,155.739898682
1782321000,155.699996948,156.240005493,155.350006104,155.449996948
1782321300,155.38999939,155.849899292,155.030502319,155.240005493
1782321600,155.300003052,155.779998779,155.009994507,155.509994507
1782321900,155.5,155.779998779,155.100006104,155.330001831
1782322200,155.289993286,155.649993896,154.410003662,154.970001221
1782322500,155.029998779,155.800003052,154.830001831,155.690002441
1782322800,155.670898438,155.940002441,154.86000061,155.199905396
1782323100,155.199996948,155.800003052,154.759994507,155.222503662
1782323400,155.229995728,155.740005493,154.940002441,155.589996338
1782323700,155.539993286,155.820007324,154.229995728,154.630004883
1782324000,154.63999939,155.586700439,154.600006104,155.199996948
1782324300,155.190002441,155.429992676,154.809997559,155.129898071
1782324600,155.095001221,155.770004272,154.900894165,155.595504761
1782324900,155.60609436,157.190002441,155.60609436,157.089996338
1782325200,157.059997559,157.239898682,156.699996948,157.100006104
1782325500,157.039993286,157.43989563,156.910003662,157.210006714
1782325800,157.25,158.039993286,156.830001831,156.869903564
1782326100,156.869995117,157,156.160003662,156.455001831
1782326400,156.488204956,157.139892578,156.119995117,157.130004883
1782326700,157.070007324,157.5,155.279998779,155.460006714
1782327000,155.479995728,156.089996338,155.190002441,155.470001221
1782327300,155.509994507,155.869995117,155.13999939,155.470001221
1782327600,155.630004883,156.229995728,155.149993896,156.029998779
1782327900,156.12210083,157.049697876,155.600006104,156.740005493
1782328200,156.720001221,157.649993896,156.350006104,157.520004272
1782328500,157.520004272,158.419998169,157.330001831,158.300003052
1782328800,158.259994507,158.5,156.870101929,157.88999939
1782329100,157.960006714,158.078598022,156.010101318,156.690002441
1782329400,156.690002441,157.589996338,156,156.460006714
1782329700,156.339996338,156.850006104,156.100006104,156.365005493
1782330000,156.399993896,156.468994141,155.25,155.279998779
1782330300,155.279998779,156.009994507,155.11000061,155.739898682
1782330600,155.729995728,155.779998779,154.260101318,154.38999939
1782330900,154.38999939,156.249893188,154,154.419998169
1782394200,156.509994507,160.649993896,156.11000061,156.785003662
1782394500,156.669998169,159.369995117,156.160003662,156.160003662
1782394800,156.179992676,156.399902344,154.419998169,154.800003052
1782395100,154.820007324,155.63999939,153.38999939,155
1782395400,154.964996338,155.5,153.20010376,153.42250061
1782395700,153.414993286,153.88999939,150.660003662,150.75
1782396000,150.740005493,152.880004883,150.740005493,152.419998169
1782396300,152.414993286,154.339996338,152.399993896,153.050003052
1782396600,153.035003662,153.699996948,150.880004883,151.524993896
1782396900,151.5,152.109893799,150.059997559,151.154998779
1782397200,151.154998779,152.940002441,151.074996948,152.294692993
1782397500,152.25,152.990005493,151.539993286,152.13999939
1782397800,152.23210144,153.289993286,152.009994507,153.210006714
1782398100,153.220001221,153.749893188,152.590103149,153.475006104
1782398400,153.5,153.75,152.220001221,152.828994751
1782398700,152.830001831,153.25,152.225006104,153.190002441
1782399000,153.190002441,153.979995728,153.020004272,153.804992676
1782399300,153.800003052,153.899993896,152.940002441,153.050003052
1782399600,153.100006104,153.929992676,152.960006714,153.850006104
1782399900,153.850006104,154.279998779,152.960006714,153.119995117
1782400200,153.127197266,153.249893188,151.11000061,151.419998169
1782400500,151.369995117,152.619995117,151.11000061,152.509994507
1782400800,152.479995728,153.330001831,152.020004272,153.039993286
1782401100,153.009994507,153.289993286,152.240005493,152.580001831
1782401400,152.699996948,153.029998779,152.009994507,152.065002441
1782401700,152.065002441,152.479995728,151.899993896,152.029998779
1782402000,152.005004883,152.339996338,151.661499023,151.899993896
1782402300,151.899993896,152.63999939,151.830001831,151.960006714
1782402600,152.029998779,152.720703125,151.890106201,152.669998169
1782402900,152.617004395,152.79800415,152.040100098,152.089996338
1782403200,152.190002441,152.490005493,151.449996948,151.837005615
1782403500,151.830001831,152.080001831,151.25,151.809906006
1782403800,151.720001221,152.229995728,151.589996338,152.125
1782404100,152.125,152.479995728,151.699996948,151.759994507
1782404400,151.759994507,152.190002441,150.86000061,150.970001221
1782404700,151.054397583,151.520004272,150.949996948,151.080001831
1782405000,151.067504883,151.179992676,150.274993896,150.570007324
1782405300,150.619995117,151.460006714,150.449996948,151.324996948
1782405600,151.289993286,151.430404663,150.979995728,151.059997559
1782405900,151.059997559,151.479995728,150.550003052,151.354995728
1782406200,151.354995728,151.859893799,151.160003662,151.570007324
1782406500,151.550003052,151.789993286,151.36000061,151.634994507
1782406800,151.630004883,151.88999939,151.460006714,151.63999939
1782407100,151.634994507,151.669998169,150.899993896,151.333099365
1782407400,151.339996338,152.529998779,151.160003662,151.929992676
1782407700,151.929992676,152.550003052,151.11000061,151.164993286
1782408000,151.169998169,151.460006714,150.86000061,151.419998169
1782408300,151.380096436,151.75,151.250106812,151.399993896
1782408600,151.419998169,152,151.419998169,151.789993286
1782408900,151.779998779,151.979095459,151.570007324,151.679992676
1782409200,151.729995728,151.899993896,151.330001831,151.369995117
1782409500,151.38999939,151.399993896,150.720001221,150.839996338
1782409800,150.862503052,151.710006714,150.690002441,151.710006714
1782410100,151.664993286,152.199996948,151.619995117,152.050003052
1782410400,152.010604858,152.520004272,151.820007324,152.089996338
1782410700,152.080001831,152.919998169,152,152.699996948
1782411000,152.723999023,152.869995117,152.240005493,152.567901611
1782411300,152.570007324,153.399993896,152.369995117,153.083099365
1782411600,153.050003052,153.300003052,152.559997559,152.839996338
1782411900,152.830001831,153.489898682,152.830001831,153.359893799
1782412200,153.339996338,153.369995117,152.460006714,152.5
1782412500,152.509994507,153.050003052,152.229995728,152.899002075
1782412800,152.88999939,153.529998779,152.88999939,153.1197052
1782413100,153.134994507,153.169906616,152.589996338,153.091003418
1782413400,153.100006104,153.509994507,153.070007324,153.210006714
1782413700,153.210006714,153.43989563,152.979995728,153.339996338
1782414000,153.320007324,153.36000061,152.600006104,152.858901978
1782414300,152.850006104,153.25,152.820007324,153.164993286
1782414600,153.130096436,153.320007324,152.5,152.919998169
1782414900,152.949996948,153.529998779,152.710006714,152.892303467
1782415200,152.93989563,153.050003052,152.339996338,152.830001831
1782415500,152.86000061,152.940002441,152.330001831,152.464996338
1782415800,152.449996948,152.770004272,151.5,151.990005493
1782416100,151.990005493,152.25,151.669998169,151.919998169
1782416400,151.919998169,152.990005493,151.919998169,152.880004883
1782416700,152.86000061,153.100006104,152.580001831,152.820007324
1782417000,152.839996338,153.350692749,152.559997559,152.600006104
1782417300,152.630004883,153.039993286,152.419998169,153.009994507
1782480600,150.619995117,151.279998779,148.509994507,150.910003662
1782480900,151,152.13999939,150,151.800003052
1782481200,151.729995728,152.669403076,151.091003418,151.13999939
1782481500,151.134994507,151.279998779,150.38999939,150.759994507
1782481800,150.76499939,151.399993896,149.100006104,149.550003052
1782482100,149.600006104,151.850006104,149.059997559,151.669998169
1782482400,151.669998169,152.209899902,151.300003052,151.782897949
1782482700,151.760101318,152.419998169,151.5,152.195007324
1782483000,152.195007324,153.499893188,151.699996948,152.839996338
1782483300,152.839996338,153.649993896,152.529998779,153.229995728
1782483600,153.300003052,153.600006104,152.330001831,152.869995117
1782483900,152.835006714,153.080001831,152.070007324,152.529998779
1782484200,152.5,152.690002441,151.630004883,152.279998779
1782484500,152.270004272,152.369995117,151.309997559,151.490005493
1782484800,151.490005493,152.100006104,151.190093994,151.333999634
1782485100,151.464996338,152.199996948,151.369995117,152.089996338
1782485400,152.110397339,152.630004883,151.270004272,151.63999939
1782485700,151.666397095,152.380004883,151.580001831,152.294998169
1782486000,152.300003052,152.969299316,152.13999939,152.940002441
1782486300,152.940002441,153.38999939,152.410095215,153.160003662
1782486600,153.172393799,153.759994507,152.880004883,153.199996948
1782486900,153.190002441,154.499893188,152.839996338,154.379898071
1782487200,154.356994629,155,154.356994629,154.949996948
1782487500,154.949996948,156.470001221,154.789993286,156.404998779
1782487800,156.350006104,156.660003662,155.009994507,155.630493164
1782488100,155.658599854,156.75,155.600006104,156.369995117
1782488400,156.395004272,156.600006104,156.009994507,156.570007324
1782488700,156.570007324,156.570007324,155.809997559,155.95010376
1782489000,156.039993286,156.850006104,155.395004272,155.820007324
1782489300,155.850006104,156.779907227,155.789993286,156.130004883
1782489600,156.149993896,156.720001221,155.949996948,156.625
1782489900,156.61000061,156.800003052,156.029998779,156.050003052
1782490200,156.050003052,156.154998779,155.479995728,155.839996338
1782490500,155.848999023,156.929992676,155.770004272,156.759994507
1782490800,156.809997559,157.429992676,156.050094604,157.020004272
1782491100,157.065002441,157.5,157.009994507,157.419998169
1782491400,157.449996948,158.330001831,157.399993896,158.270004272
1782491700,158.270004272,158.399993896,157.520004272,157.600006104
1782492000,157.615005493,157.649993896,156.820007324,156.854995728
1782492300,156.854995728,157.050003052,156.399993896,156.830001831
1782492600,156.824996948,157.570007324,156.720001221,157.490005493
1782492900,157.490005493,157.697998047,157.095001221,157.339996338
1782493200,157.320007324,157.990005493,156.910003662,157.800003052
1782493500,157.809997559,157.899993896,157.309997559,157.75
1782493800,157.720001221,157.830001831,157.100006104,157.449996948
1782494100,157.440002441,157.699996948,156.979995728,157
1782494400,157.07220459,157.07220459,156.300003052,156.800003052
1782494700,156.740005493,156.740005493,155.699996948,156.160003662
1782495000,156.149993896,156.600006104,155.25,155.339996338
1782495300,155.339996338,155.800003052,154.86000061,155.365005493
1782495600,155.350006104,155.51499939,154.649993896,155.449996948
1782495900,155.479995728,155.600006104,155.320007324,155.449996948
1782496200,155.479995728,155.75,155.270004272,155.574996948
1782496500,155.574996948,155.599899292,154.869995117,155.380004883
1782496800,155.345001221,155.559997559,155.095001221,155.104995728
1782497100,155.080001831,155.339996338,154.75,155.149993896
1782497400,155.100006104,155.130004883,154.119995117,154.300003052
1782497700,154.300003052,154.369995117,153.800003052,153.949996948
1782498000,153.945007324,154.089996338,153.070007324,153.179992676
1782498300,153.130004883,153.479995728,152.259994507,152.770004272
1782498600,152.770004272,153.070007324,152.470001221,153
1782498900,153,153.100006104,152.149993896,152.199996948
1782499200,152.220001221,152.654998779,152.020004272,152.399993896
1782499500,152.410003662,152.449905396,151.36000061,151.483596802
1782499800,151.490005493,151.539993286,150.380004883,151.526992798
1782500100,151.539306641,153.065002441,151.5,152.865005493
1782500400,152.820007324,152.86000061,151.949996948,151.975006104
1782500700,151.975006104,152.429992676,151.371002197,151.615005493
1782501000,151.61000061,152.443405151,151.550003052,152.399993896
1782501300,152.399993896,152.419998169,151.789993286,152.190002441
1782501600,152.210006714,152.320007324,151.520004272,151.669998169
1782501900,151.669998169,152.240005493,151.600006104,151.699996948
1782502200,151.714996338,152.210006714,151.25,152.199905396
1782502500,152.175003052,152.699996948,152.149993896,152.330001831
1782502800,152.320007324,152.599899292,151.880004883,152.490005493
1782503100,152.5,153.979995728,152.460006714,153.699996948
1782503400,153.705001831,155.770004272,153.705001831,153.979995728
1782503700,153.925003052,153.945007324,151.550003052,152.669998169
1782739800,157.354995728,159.880004883,156.380004883,158.330001831
1782740100,158.304992676,159.440002441,156.979995728,157.529998779
1782740400,157.38999939,159.089996338,157.259994507,157.839904785
1782740700,157.75,158.630004883,155.800003052,156.199905396
1782741000,156.199996948,157.339904785,155.490005493,157.110107422
1782741300,157.13999939,157.270004272,154.817993164,155.330001831
1782741600,155.309997559,155.899993896,154.270004272,154.499298096
1782741900,154.494995117,154.5,153.130004883,154.190002441
1782742200,154.169998169,154.470001221,151.75,151.945007324
1782742500,151.910003662,153,151.735595703,152.505004883
1782742800,152.524993896,152.779998779,151.809997559,152.089996338
1782743100,152.125701904,153.820007324,151.979995728,153.820007324
1782743400,153.8309021,154.264297485,153.199996948,153.75
1782743700,153.63999939,154.597793579,153.320007324,154.190002441
1782744000,154.260101318,154.707992554,153.550003052,153.949996948
1782744300,153.919998169,155,153.522003174,154.779998779
1782744600,154.760803223,155.830001831,154.760803223,155.739898682
1782744900,155.645004272,155.879898071,155.169998169,155.360107422
1782745200,155.399993896,155.850006104,155.160003662,155.550003052
1782745500,155.589996338,155.770004272,154.830001831,155.291793823
1782745800,155.330001831,155.470001221,154.772994995,155.080001831
1782746100,155.085006714,155.710006714,154.960098267,155.18699646
1782746400,155.169998169,156.25,155,155.759994507
1782746700,155.770004272,157,155.669998169,156.789993286
1782747000,156.800003052,157,156.559997559,156.755004883
1782747300,156.740005493,157.289993286,156.339996338,156.955001831
1782747600,156.960006714,157.039993286,156.029998779,156.36000061
1782747900,156.36000061,156.440002441,155.730102539,155.865005493
1782748200,155.878295898,157.130004883,155.878295898,157.110702515
1782748500,157.11000061,157.138900757,156.524993896,156.842605591
1782748800,156.809997559,157.520004272,156.660003662,157.300003052
1782749100,157.300003052,157.520004272,156.899993896,157.36000061
1782749400,157.36000061,158.029998779,156.720596313,156.961196899
1782749700,156.970001221,157.179992676,156.610107422,156.899993896
1782750000,156.839996338,157.270004272,156.63999939,157.059997559
1782750300,157.050003052,157.159896851,156.320007324,156.604995728
1782750600,156.63999939,156.699996948,156.050003052,156.36000061
1782750900,156.339996338,157.130004883,156.199996948,157.065002441
1782751200,157.059997559,157.5,156.630004883,157.38999939
1782751500,157.304992676,157.369995117,156.620101929,156.829803467
1782751800,156.830001831,157.100006104,156.464996338,157.035003662
1782752100,157.035003662,157.490005493,156.690002441,157.289993286
1782752400,157.259994507,157.759994507,157,157.270004272
1782752700,157.279998779,158.854995728,157.222000122,158.854995728
1782753000,158.86000061,160.38999939,158.800003052,159.755401611
1782753300,159.779998779,159.779998779,158.500106812,159.149993896
1782753600,159.213500977,159.559997559,158.100006104,158.479904175
1782753900,158.449996948,158.899993896,158.169998169,158.899993896
1782754200,158.899993896,159.449996948,158.63999939,158.925003052
1782754500,158.925003052,159.249893188,158.48500061,158.934997559
1782754800,158.899993896,159.699996948,158.899993896,159.690002441
1782755100,159.669998169,159.960006714,159.270004272,159.669998169
1782755400,159.679992676,160.100006104,159.470001221,159.804992676
1782755700,159.830001831,160.479995728,159.61000061,159.964996338
1782756000,159.964996338,160.160003662,159.779998779,159.960006714
1782756300,159.949996948,160.130004883,159.5,159.839996338
1782756600,159.839996338,161.199996948,159.770004272,160.808395386
1782756900,160.771392822,160.880004883,160.070007324,160.084106445
1782757200,160.11000061,160.51499939,159.80569458,160.304992676
1782757500,160.304992676,160.429992676,159.830001831,160.020004272
1782757800,159.994995117,160.800003052,159.955001831,160.76499939
1782758100,160.779998779,161.570007324,160.76499939,161.399993896
1782758400,161.38999939,161.739898682,160.929992676,161.529998779
1782758700,161.529998779,162.199996948,161.429992676,162.199996948
1782759000,162.225006104,163.190002441,162.130004883,163.119995117
1782759300,163.119995117,163.160003662,162.309997559,162.835006714
1782759600,162.835006714,163.25,162.199996948,162.589996338
1782759900,162.600006104,163.75,162.529998779,163.25
1782760200,163.214996338,164.229995728,163.009994507,163.849197388
1782760500,163.794998169,164.690002441,163.509994507,164.63999939
1782760800,164.649993896,165.449996948,164.350006104,164.839996338
1782761100,164.869995117,164.964996338,163.809997559,164.169998169
1782761400,164.195007324,164.29989624,163.589996338,164.009994507
1782761700,164.039993286,164.899993896,163.81010437,164.833999634
1782762000,164.863204956,165.257507324,164.679992676,164.759994507
1782762300,164.759994507,165.770004272,164.529998779,165.554992676
1782762600,165.580001831,166.169998169,164.770004272,165.059997559
1782762900,165.050003052,165.649993896,163.839996338,164
1782826200,163.14100647,166,162.550003052,164.785202026
1782826500,164.699996948,165.475997925,162.149993896,162.539993286
1782826800,162.520004272,162.899993896,161.63999939,162.239898682
1782827100,162.210006714,163,161.820007324,162.440002441
1782827400,162.470001221,164.470001221,162.449996948,163.949996948
1782827700,163.895004272,165.649993896,163.630004883,165.440093994
1782828000,165.464996338,165.830001831,163.899993896,164.979995728
1782828300,165,165.38999939,162.5,163
1782828600,162.910095215,164.339996338,162.440002441,164.01499939
1782828900,163.929992676,165.470001221,163.25,164.955001831
1782829200,164.899993896,165.5,163.25,165.320007324
1782829500,165.300003052,166.929992676,165.25,166.625
1782829800,166.630004883,167.399993896,165.25,166.960006714
1782830100,166.919998169,167.830001831,166.240005493,166.910003662
1782830400,166.940002441,167.73500061,166.5,167.660003662
1782830700,167.660003662,167.929992676,166.460006714,166.570007324
1782831000,166.561004639,168.520004272,166.5,167.61000061
1782831300,167.570007324,168.910003662,167.309997559,168.539993286
1782831600,168.559997559,169.88999939,168.320007324,168.561294556
1782831900,168.626998901,170.320007324,168.570007324,169.523895264
1782832200,169.554992676,171.440002441,169.179992676,170.774993896
1782832500,170.75,171.949996948,169.899993896,171.946304321
1782832800,171.949996948,172.259994507,171.020004272,172.259994507
1782833100,172.25,172.399993896,170.850006104,171.259994507
1782833400,171.229995728,171.389892578,170.468795776,171.25
1782833700,171.25,171.289993286,170.130004883,170.729995728
1782834000,170.73500061,170.73500061,169.309997559,169.510192871
1782834300,169.589996338,170.580001831,169.449996948,169.830001831
1782834600,169.824996948,170.119995117,169.199996948,169.699996948
1782834900,169.720001221,170.589996338,169.179992676,169.335006714
1782835200,169.339996338,171.320007324,169.289993286,171.007202148
1782835500,170.98500061,171.619995117,170.610107422,170.75
1782835800,170.774993896,171.100006104,169.320007324,169.699996948
1782836100,169.75,170.410003662,169.419998169,169.845794678
1782836400,169.86000061,170.249893188,169.539993286,169.75
1782836700,169.770004272,170.369995117,169.75,170.040100098
1782837000,170.070007324,171.089996338,169.970001221,171.029907227
1782837300,171.070007324,171.509399414,170.449996948,170.554992676
1782837600,170.539993286,171,170.539993286,170.940002441
1782837900,170.970001221,171.25,170.770004272,170.994995117
1782838200,171.024993896,171.058303833,170.279998779,170.679992676
1782838500,170.679992676,170.679992676,169.910003662,170.089996338
1782838800,170.089996338,170.104995728,169.020004272,169.214996338
1782839100,169.214996338,169.232803345,168.179992676,168.230804443
1782839400,168.214996338,169.350006104,168.160003662,169
1782839700,169,170.270004272,168.94909668,170
1782840000,170,170.759994507,170,170.100006104
1782840300,170.059997559,170.190002441,169.5,169.929992676
1782840600,169.925003052,170.149993896,169.509994507,169.714996338
1782840900,169.699996948,170.320007324,169.440002441,169.960006714
1782841200,169.990005493,170.440002441,169.876602173,170.289993286
1782841500,170.320007324,170.339996338,169.729995728,169.990005493
1782841800,170.009994507,170.380004883,169.630004883,170.369995117
1782842100,170.36000061,170.850006104,170.259994507,170.740005493
1782842400,170.740005493,171.229705811,170.280807495,170.460006714
1782842700,170.470703125,170.539993286,169.460006714,169.755004883
1782843000,169.755004883,169.949996948,169.429992676,169.645004272
1782843300,169.645004272,170.080001831,169.470001221,169.729995728
1782843600,169.729995728,169.979995728,169.350296021,169.470001221
1782843900,169.51499939,169.550003052,168.779998779,169
1782844200,168.996704102,169.679702759,168.869995117,169.63999939
1782844500,169.63999939,169.949996948,169.340103149,169.949996948
1782844800,169.910003662,169.949996948,169.399993896,169.730102539
1782845100,169.770004272,170.050003052,169.520004272,169.725006104
1782845400,169.779998779,170.11000061,169.755004883,169.914993286
1782845700,169.914993286,170.399993896,169.660095215,170.054992676
1782846000,170.080001831,170.100006104,169.440002441,169.544998169
1782846300,169.550003052,170.279998779,169.36000061,169.979995728
1782846600,169.960006714,170.839996338,169.710006714,170.785003662
1782846900,170.779998779,171.690002441,170.580001831,171.119995117
1782847200,171.11000061,171.309997559,170.850006104,171.080001831
1782847500,171.065002441,171.279998779,170.550003052,171.23500061
1782847800,171.25,171.459396362,170.520004272,170.75
1782848100,170.75,170.949996948,170.009994507,170.554992676
1782848400,170.589996338,170.800003052,170.11000061,170.525695801
1782848700,170.559997559,171.739898682,170.500106812,171.690002441
1782849000,171.690002441,171.705001831,170.13999939,170.350006104
1782849300,170.350006104,171.240005493,170.309997559,170.719497681
1782912600,171.565002441,171.740005493,167.13999939,167.289306641
1782912900,167.309997559,167.642700195,164.86000061,165.029998779
1782913200,165,165.539993286,163.520095825,163.899993896
1782913500,163.800003052,165.240005493,163.619995117,165.050003052
1782913800,165.070007324,165.220001221,162.589996338,163.580001831
1782914100,163.619995117,163.978103638,162.49899292,162.705001831
1782914400,162.740005493,163.339996338,160.740005493,162.289993286
1782914700,162.289993286,163.149993896,161.710006714,162.979995728
1782915000,162.929992676,163.100006104,161.11000061,161.225006104
1782915300,161.229995728,162.520004272,160.86000061,162.350006104
1782915600,162.382293701,163.5,162.029998779,163.220001221
1782915900,163.199996948,163.449996948,161.899993896,162.039993286
1782916200,162.050003052,162.149993896,158.5,159.059997559
1782916500,159.074996948,160.63999939,158.710006714,160.580001831
1782916800,160.630004883,160.768798828,159.960006714,160.240005493
1782917100,160.270004272,160.470001221,159.360107422,160.414993286
1782917400,160.449996948,160.979995728,160.119995117,160.520004272
1782917700,160.559997559,160.625,159.160003662,159.839904785
1782918000,159.794998169,161.020004272,159.740005493,160.75
1782918300,160.759994507,161.25,159.100006104,159.440002441
1782918600,159.425003052,161,159.199996948,160.960006714
1782918900,160.979995728,161.505004883,160.320007324,160.729995728
1782919200,160.73500061,161.86000061,160.684997559,161.330001831
1782919500,161.309997559,161.880004883,160.509994507,160.999893188
1782919800,161,161.029998779,159.720092773,159.929992676
1782920100,159.919998169,160.259994507,159.690002441,159.820007324
1782920400,159.839996338,160.169998169,159.274993896,160.039993286
1782920700,160.039993286,160.089996338,158.63999939,158.88999939
1782921000,158.919998169,159.059997559,157.75,158.535003662
1782921300,158.535003662,158.850006104,158.13999939,158.710006714
1782921600,158.710006714,159.100006104,158.160003662,158.23500061
1782921900,158.23500061,159,158.169998169,158.779998779
1782922200,158.899993896,159.460006714,158.589996338,158.705001831
1782922500,158.705001831,159.429992676,158.430099487,159.23500061
1782922800,159.23500061,159.649993896,158.869995117,159.11000061
1782923100,159.095001221,160.399993896,158.399993896,159.809997559
1782923400,159.76499939,160.5,159.63999939,160.119995117
1782923700,160.119995117,160.399993896,159.729995728,159.923294067
1782924000,159.949996948,160.267501831,159.759994507,159.86000061
1782924300,159.869995117,160.449996948,159.654998779,160.164993286
1782924600,160.164993286,160.86000061,160.160003662,160.699996948
1782924900,160.699996948,160.86000061,159.770004272,159.975006104
1782925200,159.979507446,160.38999939,159.559997559,159.979995728
1782925500,159.979995728,160.024993896,159.36000061,159.904998779
1782925800,159.893798828,160.509994507,159.580001831,160.48500061
1782926100,160.490005493,161.369995117,160.48500061,161.339996338
1782926400,161.339996338,162.699996948,161.210006714,162.559997559
1782926700,162.559997559,162.699996948,161.820007324,162.192001343
1782927000,162.190002441,162.720001221,162.089996338,162.169998169
1782927300,162.130004883,162.26499939,161.169998169,161.729995728
1782927600,161.759994507,161.899002075,161.240005493,161.779998779
1782927900,161.779998779,162.300003052,161.169998169,161.255004883
1782928200,161.339996338,162.489501953,161.229995728,162.410003662
1782928500,162.410003662,163.13999939,162,162.339996338
1782928800,162.350006104,163.440002441,162.009994507,162.800003052
1782929100,162.79119873,163.149993896,161.210006714,161.524993896
1782929400,161.5,161.578399658,160.440597534,160.570007324
1782929700,160.580001831,160.580001831,159.550003052,159.585006714
1782930000,159.585006714,159.75,158.619995117,158.914993286
1782930300,158.914993286,159.020004272,157.419998169,158.789901733
1782930600,158.740005493,158.850006104,157.839996338,158.710403442
1782930900,158.73500061,159.009994507,158.115005493,158.539993286
1782931200,158.550003052,158.740005493,157.63999939,158.210006714
1782931500,158.239898682,158.289993286,156.789993286,157.059997559
1782931800,157.070007324,157.315002441,156.410003662,156.910003662
1782932100,156.910003662,157.880004883,156.910003662,157.757598877
1782932400,157.755004883,158.149993896,157.56010437,158.134994507
1782932700,158.149993896,158.38999939,157.600006104,157.925003052
1782933000,157.919998169,158.399993896,157.529998779,158.350006104
1782933300,158.339996338,158.429794312,157.850006104,157.955001831
1782933600,157.955001831,158.119995117,157.175003052,157.309997559
1782933900,157.300003052,158.690002441,157.179992676,158.23500061
1782934200,158.220001221,158.880004883,157.570007324,157.625
1782934500,157.630004883,158.089996338,156.940002441,157.470001221
1782934800,157.489898682,157.660003662,156.710006714,157.039993286
1782935100,157.070007324,157.100006104,156.42010498,156.800003052
1782935400,156.794998169,157.660003662,156.160003662,157.572494507
1782935700,157.559997559,157.729995728,157.059997559,157.729995728
1782999000,159.725006104,159.73500061,157.289993286,158.440002441
1782999300,158.425003052,159.050003052,156.820007324,156.960006714
1782999600,157,159.25,156.910003662,158
1782999900,158,160.309997559,157.039993286,159.990005493
1783000200,160.009994507,161.130004883,159.580001831,159.720001221
1783000500,159.725006104,160.88999939,159.36000061,160.574996948
1783000800,160.589996338,160.749893188,159.88999939,160.280303955
1783001100,160.304992676,160.990005493,158.809997559,159.240005493
1783001400,159.300003052,160.489898682,158.820007324,159.529998779
1783001700,159.559997559,160.440002441,159.157501221,159.460006714
1783002000,159.460006714,159.75,158.800003052,159.261001587
1783002300,159.309997559,159.389892578,158.330093384,158.698501587
1783002600,158.705001831,159.024993896,158.289993286,158.669998169
1783002900,158.63999939,159.5,158.369995117,158.850006104
1783003200,158.884994507,158.962203979,157.36000061,157.839996338
1783003500,157.850006104,158.399993896,157.220001221,158.240005493
1783003800,158.25,159.38999939,158.149993896,159.080001831
1783004100,159.080001831,159.880004883,159.059997559,159.820007324
1783004400,159.86000061,159.899993896,158.630004883,158.679992676
1783004700,158.679992676,158.899093628,157.830001831,158.270004272
1783005000,158.259994507,159.259902954,157.899993896,158.585006714
1783005300,158.550003052,158.710006714,157.570007324,158.065002441
1783005600,158.065002441,158.752502441,157.669998169,158.490005493
1783005900,158.429992676,158.559997559,157.779998779,158.050003052
1783006200,158.100006104,158.479995728,157.919998169,158.080001831
1783006500,158.080001831,158.899993896,158.029998779,158.772796631
1783006800,158.740005493,159.050003052,158.330001831,158.399993896
1783007100,158.330001831,159.039993286,158.330001831,158.410003662
1783007400,158.350006104,158.88999939,158.229995728,158.880004883
1783007700,158.88999939,159.330001831,158.722900391,159.050003052
1783008000,159.050003052,159.130004883,157.919998169,158.01499939
1783008300,158.059997559,158.298995972,157.5,157.690002441
1783008600,157.699996948,158.460006714,157.520004272,158.25
1783008900,158.225006104,158.259994507,157.330001831,157.720001221
1783009200,157.720001221,157.839996338,156.899993896,156.945007324
1783009500,156.940002441,157.449996948,156.369995117,156.5
1783009800,156.529998779,156.589996338,155.880004883,156.070007324
1783010100,156.070007324,156.529998779,156.029998779,156.460006714
1783010400,156.399993896,157.828201294,156.399993896,157.61000061
1783010700,157.61000061,158.059997559,157.270004272,157.830093384
1783011000,157.86000061,157.910003662,157.25,157.324996948
1783011300,157.324996948,157.852493286,157.050003052,157.690002441
1783011600,157.660003662,157.759994507,157.010696411,157.38999939
1783011900,157.410003662,158.100006104,157.199996948,157.375
1783012200,157.36000061,157.559997559,156.910003662,156.949996948
1783012500,156.929992676,157.279998779,156.690002441,156.830001831
1783012800,156.835006714,157.36000061,156.63999939,156.720001221
1783013100,156.720001221,156.846099854,156.559997559,156.774993896
1783013400,156.770004272,156.970001221,156.429992676,156.449996948
1783013700,156.425003052,156.509994507,156.070098877,156.190002441
1783014000,156.195007324,157.5,155.910003662,157.490005493
1783014300,157.470001221,157.470001221,156.850006104,157.100006104
1783014600,157.100006104,157.768997192,157.070007324,157.699996948
1783014900,157.64050293,157.880004883,156.809997559,157.330001831
1783015200,157.304992676,158.300003052,157.119995117,158.089996338
1783015500,158.085006714,159.169998169,158.074996948,158.994995117
1783015800,158.994995117,159.38999939,158.419998169,158.479995728
1783016100,158.479995728,158.75,158.11000061,158.115005493
1783016400,158.119995117,158.949996948,158.119995117,158.940002441
1783016700,158.910003662,159.210006714,158.729995728,158.88999939
1783017000,158.899993896,159.285003662,158.770004272,158.9375
1783017300,158.934997559,159.098205566,158.63999939,159.020095825
1783017600,159.020004272,159.529998779,158.830001831,159.059997559
1783017900,159.039993286,159.548492432,158.729995728,159.425003052
1783018200,159.425003052,159.460006714,158.240005493,158.460006714
1783018500,158.429992676,159.059997559,158.300003052,158.899993896
1783018800,158.899993896,158.970001221,158.25,158.300003052
1783019100,158.300003052,158.699905396,158.149993896,158.574996948
1783019400,158.61000061,159.080001831,158.419998169,158.880004883
1783019700,158.932495117,159.100006104,158.590103149,158.820007324
1783020000,158.839996338,158.949996948,158.279998779,158.904998779
1783020300,158.899993896,160.009994507,158.789993286,159.720001221
1783020600,159.699996948,160.899993896,159.699996948,160.580001831
1783020900,160.619903564,161.449996948,160.229995728,160.630004883
1783021200,160.559997559,161.5,160.020095825,161.101303101
1783021500,161.11000061,161.440002441,161.085006714,161.229995728
1783021800,161.240005493,161.899993896,160.669998169,160.830001831
1783022100,160.809997559,162.160003662,160.809997559,161.86000061
1783344600,165.949996948,167.895004272,165.050994873,166.315002441
1783344900,166.315002441,166.405807495,163.699996948,164.324996948
1783345200,164.324996948,166.389892578,164.13999939,166.074996948
1783345500,166.009994507,167.26499939,165.320007324,166.690093994
1783345800,166.690002441,167.009994507,165.5,165.999603271
1783346100,166,166.039993286,164.5,164.699996948
1783346400,164.75,165.529998779,164.320007324,164.960006714
1783346700,165.020004272,165.809997559,164.714996338,165.280105591
1783347000,165.279998779,165.380004883,163.169296265,163.209899902
1783347300,163.179992676,164.179992676,163.130004883,163.804992676
1783347600,163.804992676,164.300003052,163.550003052,164
1783347900,164.054992676,164.429992676,162.5,162.940002441
1783348200,162.929992676,163.570007324,162.820007324,162.964996338
1783348500,162.910003662,163.100006104,162.229995728,162.546707153
1783348800,162.550003052,163.089996338,161.63999939,162.779998779
1783349100,162.779998779,162.779998779,161.25,161.419998169
1783349400,161.429992676,161.460006714,159.75,161.119995117
1783349700,161.11000061,162.379898071,161.070007324,161.869995117
1783350000,161.979995728,162.5,160.979995728,161.119995117
1783350300,161.13999939,161.86000061,160.800003052,161.710006714
1783350600,161.679992676,161.970001221,161.050506592,161.298797607
1783350900,161.320007324,161.320007324,159.380096436,160.089996338
1783351200,160.089996338,160.339996338,159.550003052,160.119995117
1783351500,160.164993286,160.270004272,159.802597046,160.100006104
1783351800,160.081802368,161,159.964996338,160.770004272
1783352100,160.774993896,161.089996338,160.119995117,160.660003662
1783352400,160.660003662,160.955001831,160.350006104,160.478805542
1783352700,160.449996948,160.61000061,160.210006714,160.429992676
1783353000,160.455001831,160.839996338,160.080001831,160.36000061
1783353300,160.345001221,161.159896851,160.345001221,160.755004883
1783353600,160.779907227,161.179992676,160.520004272,161.130004883
1783353900,161.13999939,162,160.86000061,161.565002441
1783354200,161.570007324,161.699996948,161,161
1783354500,160.990005493,161.669998169,160.880004883,161.554992676
1783354800,161.57989502,161.800003052,161.119995117,161.160003662
1783355100,161.136901855,161.759994507,160.759994507,161.714996338
1783355400,161.720001221,162.179992676,161.539993286,162.126998901
1783355700,162.125595093,162.5,161.759994507,162.294998169
1783356000,162.289993286,162.600006104,162.050003052,162.339996338
1783356300,162.330001831,162.419998169,161.75,161.979003906
1783356600,161.990005493,162.490005493,161.960006714,162.270004272
1783356900,162.274993896,162.38999939,161.720001221,161.830001831
1783357200,161.88999939,162.199996948,160.940002441,161.050003052
1783357500,161,161.38999939,160.630004883,161.169998169
1783357800,161.100006104,161.279998779,160.649993896,161.25
1783358100,161.274993896,161.369995117,160.759994507,160.88999939
1783358400,160.88999939,160.969894409,160.434005737,160.682907104
1783358700,160.675003052,160.800003052,160.399993896,160.509902954
1783359000,160.490005493,160.565002441,159.929992676,160.173995972
1783359300,160.169998169,160.220001221,159.119995117,159.210006714
1783359600,159.210006714,159.270004272,157.13999939,157.51499939
1783359900,157.481002808,158.25,156.119995117,156.165100098
1783360200,156.130004883,156.330001831,155.550003052,155.945007324
1783360500,155.964996338,156.070007324,155.259994507,155.739395142
1783360800,155.720001221,156.979995728,155.169998169,156.839996338
1783361100,156.865005493,157.490005493,155.669998169,157.434997559
1783361400,157.419998169,157.569900513,156.5,156.925003052
1783361700,156.925003052,157.88659668,156.86000061,157.214996338
1783362000,157.214996338,157.300003052,156.759994507,156.839996338
1783362300,156.887496948,156.940002441,156.270294189,156.51499939
1783362600,156.399993896,156.529998779,156.259994507,156.281906128
1783362900,156.330001831,156.580001831,156.179992676,156.335006714
1783363200,156.339996338,156.600006104,156.184997559,156.262405396
1783363500,156.279998779,156.399993896,155.880004883,155.899993896
1783363800,155.910003662,156.259994507,155.729995728,155.88999939
1783364100,155.88999939,156.229995728,155.789993286,155.940002441
1783364400,155.919998169,156.25,155.520004272,155.630401611
1783364700,155.645004272,156.449996948,155.645004272,156.384994507
1783365000,156.399993896,156.699996948,156.199996948,156.600006104
1783365300,156.580001831,157.089996338,156.25,156.61000061
1783365600,156.61000061,156.800003052,156.074996948,156.169998169
1783365900,156.195007324,156.369995117,155.660003662,155.75
1783366200,155.759994507,155.919998169,155.039993286,155.214996338
1783366500,155.220001221,156.380004883,155.220001221,156.300003052
1783366800,156.317993164,157.600006104,156.309997559,157.259994507
1783367100,157.229995728,158,156.979995728,158
1783367400,157.951004028,160.380004883,157.951004028,159.690002441
1783367700,159.740005493,160.899993896,159.589004517,160.75
1783431000,158.919998169,159.29989624,156.61000061,157
1783431300,157,157.275497437,154.169998169,154.574996948
1783431600,154.550003052,155.949996948,154.240005493,155.830001831
1783431900,155.79750061,155.880004883,154.5,154.794998169
1783432200,154.779998779,155.100006104,153.102005005,153.294998169
1783432500,153.289993286,153.309997559,152.039993286,153.085006714
1783432800,153.13999939,153.919998169,152.419998169,152.970001221
1783433100,152.995193481,153.089904785,152.199996948,152.619995117
1783433400,152.554992676,152.61000061,150.800003052,151.13999939
1783433700,151.125,152.080001831,150.850006104,151.520004272
1783434000,151.559997559,151.800003052,150.75,150.789993286
1783434300,150.809997559,152,150.550003052,151.904998779
1783434600,151.88999939,152.270004272,151.300003052,151.839996338
1783434900,151.839996338,152,150.868804932,151.289993286
1783435200,151.309997559,151.449996948,150.759994507,150.929992676
1783435500,150.910003662,151.369995117,150.289993286,150.729995728
1783435800,150.63999939,151.119995117,150.119995117,150.910003662
1783436100,150.899993896,151.699996948,150.529998779,151.524993896
1783436400,151.5,151.63999939,151,151.475006104
1783436700,151.488006592,152.199996948,151.130004883,151.88999939
1783437000,151.899993896,151.949996948,151.270004272,151.600006104
1783437300,151.61000061,151.899993896,151.220001221,151.449996948
1783437600,151.399993896,151.970001221,151.220001221,151.630004883
1783437900,151.625,151.969894409,151.330001831,151.575302124
1783438200,151.600006104,151.729995728,150.789993286,151.334197998
1783438500,151.404998779,151.869995117,150.63999939,150.714996338
1783438800,150.714996338,151.589996338,150.360107422,151.429992676
1783439100,151.380004883,151.869995117,151.179992676,151.199996948
1783439400,151.154998779,152.199996948,151.154998779,151.744995117
1783439700,151.720001221,151.800003052,150.830001831,150.850006104
1783440000,150.850006104,151.399993896,150.420501709,150.835006714
1783440300,150.835006714,151.190002441,150.480804443,151.01499939
1783440600,151.039993286,152.149993896,150.960006714,152.01499939
1783440900,152.039993286,152.369995117,151.820007324,152.029998779
1783441200,152.039001465,152.999893188,152,152.410003662
1783441500,152.380004883,152.850006104,152.289993286,152.589996338
1783441800,152.559997559,153.080001831,152.140106201,152.539993286
1783442100,152.539993286,152.649993896,151.910003662,152.259994507
1783442400,152.160003662,152.299697876,151.92010498,151.980194092
1783442700,151.98500061,152.809997559,151.919998169,152.679992676
1783443000,152.613098145,152.850006104,152.11000061,152.25
1783443300,152.220001221,152.270004272,151.324996948,152.009994507
1783443600,152,152.119995117,151.645004272,152
1783443900,152,152.419998169,151.970001221,152.250793457
1783444200,152.289993286,152.380004883,151.869995117,152
1783444500,151.970001221,152.065002441,151.399993896,151.714996338
1783444800,151.699996948,152.339996338,151.600006104,151.720001221
1783445100,151.699996948,152.100006104,151.610107422,151.994995117
1783445400,152.029998779,152.160003662,151.710006714,151.949996948
1783445700,151.916397095,152.219497681,151.850006104,152.100006104
1783446000,152.130004883,152.300003052,152.039993286,152.199996948
1783446300,152.238998413,152.300003052,151.800003052,151.875
1783446600,151.850006104,152.149993896,151.809997559,151.990005493
1783446900,151.990005493,152.229995728,151.880004883,152.11000061
1783447200,152.119995117,152.529998779,152.090194702,152.205001831
1783447500,152.205001831,152.459701538,151.770004272,151.875
1783447800,151.875,152.13999939,151.600006104,151.824996948
1783448100,151.809997559,152.130004883,151.660003662,152
1783448400,151.940307617,152.339996338,151.779998779,152.119995117
1783448700,152.119995117,152.229995728,151.880004883,152.11000061
1783449000,152.119995117,152.179992676,151.740005493,151.789993286
1783449300,151.839996338,151.86000061,151.25,151.285003662
1783449600,151.270004272,151.529998779,151.089996338,151.509994507
1783449900,151.529998779,151.619903564,151.149993896,151.315002441
1783450200,151.304794312,151.320007324,150.75,151.089996338
1783450500,151,151.169998169,150.800292969,150.899993896
1783450800,150.929992676,150.960006714,150.419998169,150.497497559
1783451100,150.470001221,150.550003052,150.070007324,150.36000061
1783451400,150.379104614,150.520004272,150.240005493,150.304992676
1783451700,150.304992676,150.740005493,150.119995117,150.649993896
1783452000,150.679992676,150.880004883,150.399993896,150.785003662
1783452300,150.759994507,150.839904785,150.350006104,150.419998169
1783452600,150.419998169,150.809997559,150.380004883,150.580001831
1783452900,150.585006714,150.720001221,150.330001831,150.490005493
1783453200,150.479995728,150.529998779,150.130004883,150.320007324
1783453500,150.300003052,150.690002441,150.300003052,150.524993896
1783453800,150.539993286,150.63999939,149.300003052,149.479995728
1783454100,149.429992676,149.789993286,148.86000061,149.570007324
1783517400,152.550003052,152.929901123,150.800003052,151.690002441
1783517700,151.679992676,152.619995117,151,152.01499939
1783518000,152.024093628,152.419906616,151.429992676,151.774993896
1783518300,151.774993896,152.029998779,148.541000366,148.979995728
1783518600,149.009994507,149.88999939,148.75,149.529998779
1783518900,149.580001831,151.589996338,149.11000061,151.149200439
1783519200,151.255004883,151.949996948,151.100006104,151.25
1783519500,151.132995605,151.349899292,150.050003052,150.600006104
1783519800,150.580001831,151.249694824,150.130096436,150.910003662
1783520100,150.978500366,151.440002441,150.399993896,150.964996338
1783520400,150.964996338,151.5,150.517807007,150.970001221
1783520700,150.910003662,151.5,150.630004883,151.050003052
1783521000,151,151.169906616,150.100006104,151
1783521300,150.994796753,151.029998779,150.220001221,150.26499939
1783521600,150.277603149,150.789993286,150.149993896,150.419998169
1783521900,150.429992676,150.5,149.699996948,149.979904175
1783522200,149.979995728,150.630004883,149.679992676,150.289993286
1783522500,150.289993286,150.304992676,149.350006104,149.690002441
1783522800,149.729995728,150,149.300003052,149.75
1783523100,149.789993286,150.130004883,149.61000061,149.875793457
1783523400,149.880004883,150.160003662,149.580001831,149.695007324
1783523700,149.690002441,149.990005493,149.360107422,149.839996338
1783524000,149.809997559,150,149.399993896,149.710006714
1783524300,149.699996948,149.899993896,149.440002441,149.5
1783524600,149.509994507,150.070007324,149.330001831,149.800003052
1783524900,149.940002441,150.550003052,149.774993896,149.979995728
1783525200,149.970001221,150.149993896,148.220001221,148.445007324
1783525500,148.429992676,148.779998779,147.300003052,147.380004883
1783525800,147.360107422,147.820007324,147.149993896,147.800003052
1783526100,147.830001831,148.339996338,147.25,147.445007324
1783526400,147.440002441,148.460006714,147.31010437,148.050003052
1783526700,148.054992676,148.779998779,148.054992676,148.649993896
1783527000,148.600006104,149.13999939,148.600006104,149.076400757
1783527300,149.080001831,149.479995728,148.899993896,149.429992676
1783527600,149.449996948,150.169998169,149.300003052,149.459899902
1783527900,149.440002441,149.695007324,149.229995728,149.449996948
1783528200,149.399993896,149.63999939,149.119995117,149.546600342
1783528500,149.550003052,149.759994507,149.050003052,149.535003662
1783528800,149.580001831,149.970001221,149.419998169,149.850006104
1783529100,149.850006104,150.039993286,149.550003052,149.770004272
1783529400,149.850006104,150.029998779,149.565002441,149.699996948
1783529700,149.705001831,149.86000061,149.199996948,149.369995117
1783530000,149.330001831,149.369903564,148.690002441,148.921905518
1783530300,148.945007324,149.050003052,148.550003052,148.580001831
1783530600,148.580001831,148.720001221,148.350006104,148.470397949
1783530900,148.470001221,148.990005493,148.470001221,148.820007324
1783531200,148.824996948,149.089996338,148.669998169,149.068206787
1783531500,149.070007324,149.136993408,148.5,148.880004883
1783531800,148.830001831,148.849105835,148.520004272,148.669998169
1783532100,148.660003662,148.759902954,148.479995728,148.61000061
1783532400,148.619995117,148.699996948,148.100006104,148.229995728
1783532700,148.270004272,148.270004272,147.770004272,147.835006714
1783533000,147.850006104,147.910003662,147.529998779,147.75
1783533300,147.759994507,147.830001831,145.649993896,146.220001221
1783533600,146.130096436,146.899993896,146.009994507,146.845001221
1783533900,146.845001221,146.880004883,146.300003052,146.839706421
1783534200,146.850006104,146.850006104,146.330001831,146.679397583
1783534500,146.699798584,146.820007324,146.339996338,146.649993896
1783534800,146.669998169,146.669998169,145.820007324,146.150695801
1783535100,146.229995728,146.240005493,145.512298584,145.809997559
1783535400,145.819900513,146.160003662,145.5,145.539901733
1783535700,145.524993896,145.729995728,145.309997559,145.36000061
1783536000,145.360107422,145.660003662,145.320007324,145.634292603
1783536300,145.63999939,145.679992676,145.220001221,145.579696655
1783536600,145.574996948,145.649993896,145.380004883,145.399993896
1783536900,145.38999939,145.630004883,145.199996948,145.61000061
1783537200,145.61000061,145.910003662,145.399993896,145.699996948
1783537500,145.699996948,145.880004883,145.589996338,145.649993896
1783537800,145.660003662,146.190002441,145.259994507,145.399993896
1783538100,145.370101929,145.904403687,145.229995728,145.479995728
1783538400,145.505004883,145.800003052,145.429992676,145.729995728
1783538700,145.73500061,146,145.649993896,145.93989563
1783539000,145.940002441,146.298095703,145.425003052,145.630004883
1783539300,145.649902344,145.649993896,145.429992676,145.529998779
1783539600,145.51499939,145.649993896,145.259994507,145.260604858
1783539900,145.294998169,145.550003052,145.259994507,145.425003052
1783540200,145.440002441,146.990005493,145.425003052,146.960006714
1783540500,146.979995728,148.440002441,146.979995728,148.36000061
1783603800,150.5,151.36000061,149.210006714,149.75
1783604100,149.669998169,150.36000061,149.320098877,149.630004883
1783604400,149.634399414,150.850006104,149.399993896,150.529998779
1783604700,150.550003052,150.679992676,148.550003052,148.800003052
1783605000,148.779998779,150.093002319,148.375,150
1783605300,150.059494019,150.970001221,149.806594849,150.417007446
1783605600,150.429000854,151,150.160095215,150.690002441
1783605900,150.61000061,151.589996338,150.300003052,150.535400391
1783606200,150.5,150.5,149.199996948,149.990005493
1783606500,149.949996948,149.979995728,148.559997559,148.830001831
1783606800,148.835006714,148.929901123,147.589996338,148.300003052
1783607100,148.300003052,149.179992676,148.080001831,149.059997559
1783607400,149.080001831,149.160003662,148.059997559,148.559997559
1783607700,148.589996338,149.160003662,148.529998779,148.88999939
1783608000,148.850006104,149.209396362,148.600006104,148.600006104
1783608300,148.61000061,149.199996948,148.61000061,148.879196167
1783608600,148.850006104,149.330001831,148.309997559,149.29510498
1783608900,149.300003052,149.709899902,149.120101929,149.648406982
1783609200,149.649993896,149.940002441,149.320007324,149.690002441
1783609500,149.722305298,151.020004272,149.619995117,150.399993896
1783609800,150.395004272,150.899993896,149.785003662,149.875
1783610100,149.872497559,150.339996338,149.830001831,150.070007324
1783610400,150.065002441,150.520004272,149.970001221,150.410003662
1783610700,150.410003662,150.75,150.350006104,150.529998779
1783611000,150.559997559,150.630004883,149.960098267,149.994995117
1783611300,150.009994507,150.509994507,149.949996948,150.38999939
1783611600,150.38999939,150.630004883,149.949996948,150.050003052
1783611900,150.050003052,150.490005493,150.050003052,150.257995605
1783612200,150.270004272,150.539993286,150.160003662,150.339996338
1783612500,150.320007324,151.179992676,150.309997559,150.86000061
1783612800,150.875,150.929901123,149.929992676,150.449996948
1783613100,150.419998169,151.149993896,150.039993286,150.953704834
1783613400,150.940093994,151.509994507,150.589996338,150.75
1783613700,150.699996948,150.800003052,150.059997559,150.250900269
1783614000,150.269607544,151.100006104,149.589996338,149.675003052
1783614300,149.675003052,149.929992676,149.210006714,149.88999939
1783614600,149.929992676,150.309997559,149.809997559,150.240005493
1783614900,150.259994507,150.460006714,149.809997559,150.401306152
1783615200,150.449996948,150.690002441,150.25,150.570007324
1783615500,150.589996338,150.800003052,150.399993896,150.729995728
1783615800,150.720001221,151.270004272,150.679992676,151.190002441
1783616100,151.190002441,151.219894409,150.520004272,150.529998779
1783616400,150.520004272,150.960006714,150.520004272,150.901596069
1783616700,150.869995117,150.960006714,150.600006104,150.880004883
1783617000,150.880004883,151.919998169,150.850006104,151.380004883
1783617300,151.391693115,152.350006104,150.910003662,152.220001221
1783617600,152.220001221,152.300003052,151.880905151,152.125
1783617900,152.149307251,152.520004272,151.919998169,152.470001221
1783618200,152.479995728,152.789993286,152.270004272,152.5
1783618500,152.5,152.600006104,152.089996338,152.13999939
1783618800,152.160003662,152.5,151.990005493,152.330001831
1783619100,152.320007324,152.75,152.229995728,152.5
1783619400,152.429992676,152.789993286,152.279998779,152.63420105
1783619700,152.645004272,152.669998169,152.162002563,152.369995117
1783620000,152.369995117,152.76109314,152.190002441,152.615005493
1783620300,152.589996338,152.910003662,152.539993286,152.652297974
1783620600,152.669998169,153.43989563,152.442993164,152.919296265
1783620900,152.881103516,153.490005493,152.86000061,153.350097656
1783621200,153.429992676,153.470001221,152.901992798,153.009994507
1783621500,153,153.029998779,152.509994507,152.634994507
1783621800,152.634994507,153.020004272,152.634994507,152.88999939
1783622100,152.850006104,153.240005493,152.839996338,152.946594238
1783622400,152.92010498,153.380004883,152.92010498,153.225006104
1783622700,153.225006104,153.5,153,153.199996948
1783623000,153.240005493,153.279907227,152.690002441,152.782699585
1783623300,152.809997559,153.199996948,152.699996948,153.070007324
1783623600,153.079299927,153.380004883,152.320007324,153.330001831
1783623900,153.36000061,153.470001221,152.600006104,152.809997559
1783624200,152.824996948,153.399993896,152.669998169,153.225006104
1783624500,153.240005493,153.470001221,152.727798462,152.990005493
1783624800,153.059997559,153.190002441,152.75,152.804992676
1783625100,152.850006104,153.100006104,152.679992676,152.789993286
1783625400,152.789993286,152.830001831,152.039993286,152.149993896
1783625700,152.149993896,152.25,151.75,152.089996338
1783626000,152.089996338,152.330001831,151.851593018,151.899993896
1783626300,151.895004272,152.179992676,151.380004883,151.390792847
1783626600,151.399993896,152,149.929992676,150.585006714
1783626900,150.585006714,152.240005493,150.585006714,152.119995117
1783690200,150.125,150.309997559,148.800003052,149.615005493
1783690500,149.61000061,150.570007324,148.649993896,149.119995117
1783690800,149.210006714,149.460006714,148.899993896,149.149993896
1783691100,149.259994507,149.668701172,148.88999939,149.5
1783691400,149.539993286,149.699996948,148.529998779,148.600006104
1783691700,148.559997559,148.690002441,147.88999939,148.199905396
1783692000,148.149993896,148.279998779,147.580001831,147.73500061
1783692300,147.770004272,148.740005493,147.729995728,148.69859314
1783692600,148.559906006,148.630004883,147.949996948,148.115005493
1783692900,148.095001221,148.399993896,147.669998169,147.710006714
1783693200,147.725006104,147.75,147.050003052,147.679901123
1783693500,147.654998779,147.979995728,147.342407227,147.835205078
1783693800,147.845001221,148.300003052,146.740005493,147.692199707
1783694100,147.63999939,148.210006714,147.5,148.164993286
1783694400,148.164993286,148.380004883,147.619995117,147.934997559
1783694700,147.934997559,148.19909668,147.800003052,148.11000061
1783695000,148.089996338,148.089996338,147.570007324,147.789993286
1783695300,147.820007324,147.990005493,147.38999939,147.929992676
1783695600,147.929992676,148.039993286,147.539993286,147.850097656
1783695900,147.884994507,148.330001831,147.75,148.225006104
1783696200,148.225006104,148.380004883,147.800003052,147.932006836
1783696500,147.919998169,148.580001831,147.919998169,148.335006714
1783696800,148.350006104,148.960006714,148.289993286,148.919998169
1783697100,148.925003052,149.749893188,148.850006104,149.490005493
1783697400,149.529998779,149.589996338,148.899993896,149.130004883
1783697700,149.130004883,149.130004883,148.529998779,148.660003662
1783698000,148.600006104,148.88999939,147.770004272,148.170394897
1783698300,148.089996338,148.550003052,148.050003052,148.410598755
1783698600,148.410003662,148.520004272,148.179992676,148.464996338
1783698900,148.464996338,148.899993896,148.434997559,148.774993896
1783699200,148.820007324,149.11000061,148.640106201,148.640106201
1783699500,148.675003052,149,148.429992676,148.919998169
1783699800,148.925003052,149.100006104,147.520004272,147.854995728
1783700100,147.873794556,148.350006104,147.809997559,148.289993286
1783700400,148.349899292,148.669998169,148.205001831,148.490005493
1783700700,148.48500061,148.600006104,148.190002441,148.429992676
1783701000,148.440002441,148.57989502,148.339996338,148.384994507
1783701300,148.384994507,148.719802856,148.330001831,148.69960022
1783701600,148.720001221,148.75,148.419998169,148.580001831
1783701900,148.580001831,148.809997559,148.530105591,148.800003052
1783702200,148.809997559,148.899993896,148.490005493,148.550003052
1783702500,148.550003052,148.800003052,148.339996338,148.779998779
1783702800,148.759994507,148.940002441,148.559997559,148.690093994
1783703100,148.699996948,148.789993286,148.529998779,148.61000061
1783703400,148.61000061,148.699996948,148.449996948,148.679992676
1783703700,148.675003052,148.789993286,148.600006104,148.63999939
1783704000,148.63999939,148.800003052,148.580001831,148.75
1783704300,148.73500061,148.800003052,148.460006714,148.570007324
1783704600,148.565002441,148.679992676,148.25,148.559997559
1783704900,148.520004272,148.789993286,148.440002441,148.631195068
1783705200,148.645004272,148.770004272,148.509994507,148.729995728
1783705500,148.729995728,148.799697876,148.61000061,148.744995117
1783705800,148.720001221,148.800003052,148.63999939,148.76499939
1783706100,148.76499939,148.940002441,148.710006714,148.910003662
1783706400,148.904998779,149.089996338,148.869995117,148.949996948
1783706700,148.949996948,149.220001221,148.88999939,149.050003052
1783707000,149.059906006,149.199996948,148.714096069,148.821792603
1783707300,148.809997559,148.809997559,148.500106812,148.63999939
1783707600,148.630004883,148.86000061,148.520004272,148.820007324
1783707900,148.845001221,148.949996948,148.630004883,148.660003662
1783708200,148.660003662,148.830001831,148.660003662,148.820007324
1783708500,148.809997559,148.880004883,148.649993896,148.830001831
1783708800,148.835006714,148.979995728,148.770004272,148.785003662
1783709100,148.779998779,148.929992676,148.509994507,148.529998779
1783709400,148.539993286,148.589996338,148.380004883,148.559997559
1783709700,148.589996338,148.690002441,148.490005493,148.520004272
1783710000,148.520004272,148.520004272,148.130004883,148.440002441
1783710300,148.419998169,148.440002441,148.220001221,148.279998779
1783710600,148.300003052,148.399993896,148.13999939,148.229995728
1783710900,148.25,148.309997559,148.080001831,148.134994507
1783711200,148.134994507,148.190002441,148.009994507,148.169998169
1783711500,148.160003662,148.25,148.11000061,148.119995117
1783711800,148.119995117,148.18989563,147.779998779,147.845001221
1783712100,147.845001221,148.089996338,147.630004883,147.669998169
1783712400,147.664993286,147.75,147.410507202,147.470001221
1783712700,147.470001221,147.589996338,147.300003052,147.5
1783713000,147.520004272,148.190002441,146.479995728,146.479995728
1783713300,146.460006714,146.517196655,145.070007324,145.419998169
1783949400,144.590301514,144.880004883,142.429992676,142.95010376
1783949700,142.86000061,142.919998169,141.399993896,141.875
1783950000,141.875,141.880004883,140.410003662,140.595001221
1783950300,140.550003052,141.529998779,140.199996948,141.365005493
1783950600,141.36000061,141.448394775,140.449996948,140.547607422
1783950900,140.529998779,140.690002441,140.119995117,140.479995728
1783951200,140.475006104,140.649993896,138.880004883,138.958999634
1783951500,138.955001831,139.115997314,137.679992676,138.255004883
1783951800,138.259994507,138.695007324,137.899993896,138.339996338
1783952100,138.350006104,139.190002441,138.13999939,139.13999939
1783952400,139.134994507,139.75,139,139.75
1783952700,139.729995728,140.149993896,139.429992676,139.994995117
1783953000,139.990005493,140.309997559,139.419998169,139.429992676
1783953300,139.460006714,139.529998779,138.910003662,138.949996948
1783953600,138.970001221,139.380004883,138.690002441,139.309997559
1783953900,139.349197388,139.589904785,138.940002441,139.5
1783954200,139.460006714,139.729904175,139.300003052,139.63999939
1783954500,139.620101929,139.830001831,139.300003052,139.520004272
1783954800,139.524993896,140,139.050003052,139.13999939
1783955100,139.145004272,139.449996948,139.050003052,139.230102539
1783955400,139.25,139.339996338,138.322494507,138.399993896
1783955700,138.399993896,138.759994507,138.339996338,138.720001221
1783956000,138.690093994,138.820007324,138.449996948,138.63999939
1783956300,138.630004883,138.820007324,138.419998169,138.679992676
1783956600,138.679992676,139.320007324,138.520004272,139.240005493
1783956900,139.210006714,139.240005493,138.903900146,139.054992676
1783957200,139.059997559,139.519897461,138.88999939,139.107498169
1783957500,139.095001221,139.289993286,138.86000061,139.220001221
1783957800,139.259994507,139.600006104,138.949996948,139.479995728
1783958100,139.470001221,139.849899292,139.350006104,139.759002686
1783958400,139.714996338,139.885803223,139.619995117,139.744995117
1783958700,139.729995728,139.899993896,139.540100098,139.869995117
1783959000,139.865005493,140.379898071,139.470001221,139.554992676
1783959300,139.589996338,139.699996948,139.350097656,139.505004883
1783959600,139.509994507,139.550003052,138.75,138.934997559
1783959900,138.949996948,138.999893188,138.429992676,138.539993286
1783960200,138.539993286,138.770004272,138.300003052,138.460006714
1783960500,138.460006714,138.990005493,138.149993896,138.914993286
1783960800,138.940002441,139.087997437,138.63999939,138.945007324
1783961100,138.945007324,139.289794922,138.820007324,139.134994507
1783961400,139.130004883,139.130004883,138.559997559,138.945007324
1783961700,138.940002441,139.25,138.869995117,138.869995117
1783962000,138.869995117,139.18989563,138.770095825,139.024993896
1783962300,139.009994507,139.36000061,138.979995728,139.320007324
1783962600,139.320007324,139.479995728,139.009994507,139.11000061
1783962900,139.130004883,139.600006104,139.009994507,139.520004272
1783963200,139.5,139.550003052,138.900299072,138.940002441
1783963500,138.940002441,139.009994507,138.5,138.589996338
1783963800,138.61000061,138.869995117,138.429992676,138.789993286
1783964100,138.800003052,138.86000061,138.050003052,138.134994507
1783964400,138.134994507,138.240005493,137.550094604,137.779998779
1783964700,137.785003662,137.990005493,137.650100708,137.675003052
1783965000,137.68989563,137.820007324,137.5,137.690002441
1783965300,137.669998169,137.719894409,137.350006104,137.539901733
1783965600,137.520004272,137.949996948,137.25,137.259994507
1783965900,137.252807617,137.394104004,137.11000061,137.229995728
1783966200,137.229995728,137.26499939,137.080001831,137.240005493
1783966500,137.25,137.330001831,136.779998779,136.969406128
1783966800,136.979995728,137.479995728,136.95010376,137.479904175
1783967100,137.470001221,137.48500061,137.300003052,137.440002441
1783967400,137.410003662,137.440002441,137.149993896,137.240005493
1783967700,137.210006714,137.559906006,137.029998779,137.300003052
1783968000,137.315002441,137.589996338,137.199996948,137.339996338
1783968300,137.365005493,137.650100708,137.259994507,137.634994507
1783968600,137.649993896,137.949996948,137.479995728,137.679992676
1783968900,137.660003662,137.940002441,137.399993896,137.854995728
1783969200,137.869995117,137.884994507,137.300003052,137.369995117
1783969500,137.380004883,137.570007324,137.240005493,137.375
1783969800,137.399993896,137.600006104,137.300003052,137.509994507
1783970100,137.570007324,138.100006104,137.419998169,137.630004883
1783970400,137.649993896,137.970001221,137.479995728,137.619995117
1783970700,137.678405762,137.850006104,137.449996948,137.630004883
1783971000,137.600006104,138.429992676,137.600006104,138.210006714
1783971300,138.199996948,138.38999939,137.780303955,138.214996338
1783971600,138.225006104,138.919998169,138.160095215,138.911102295
1783971900,138.904998779,139.399993896,138.479995728,139.369995117
1783972200,139.369995117,139.580001831,138.770004272,139.160003662
1783972500,139.160003662,139.63999939,138.029998779,139.220001221
1784035800,140.949996948,142.300003052,140.5,141.686294556
1784036100,141.660003662,142.79989624,141.309997559,142.414993286
1784036400,142.416305542,143.199996948,142.210006714,142.679992676
1784036700,142.63999939,142.850006104,141.070007324,141.628005981
1784037000,141.63999939,141.727996826,140.399993896,141.460006714
1784037300,141.460006714,142.554992676,141.330001831,142.544998169
1784037600,142.544998169,142.579101562,141.729995728,141.86000061
1784037900,141.820098877,142.550003052,141.61000061,142.070007324
1784038200,142.020004272,142.600006104,141.662796021,142.455001831
1784038500,142.399993896,142.850006104,141.75,142.38999939
1784038800,142.380706787,142.580001831,141.100006104,141.149993896
1784039100,141.13999939,141.550003052,140.524993896,141
1784039400,140.990005493,141.339996338,140.289993286,141.149993896
1784039700,141.11000061,141.75,140.880004883,141.660003662
1784040000,141.690002441,142.100006104,141.330001831,141.708404541
1784040300,141.669998169,141.779998779,141.065002441,141.229995728
1784040600,141.229995728,141.600006104,140.920501709,141.565505981
1784040900,141.595001221,141.729995728,141.210006714,141.259994507
1784041200,141.25,141.869995117,141.179992676,141.619995117
1784041500,141.615005493,141.88999939,141.45010376,141.779998779
1784041800,141.820007324,142.380004883,141.699996948,142.248397827
1784042100,142.25,142.759994507,142.11000061,142.759994507
1784042400,142.705001831,142.929992676,142.399993896,142.820007324
1784042700,142.800003052,143.309997559,142.179992676,143.059997559
1784043000,143.070007324,143.330001831,142.699996948,143.184997559
1784043300,143.195007324,143.199996948,142.729995728,142.839996338
1784043600,142.839996338,142.88999939,142.179992676,142.45010376
1784043900,142.45010376,142.979995728,142.45010376,142.729995728
1784044200,142.729995728,143,142.5,142.554992676
1784044500,142.570007324,142.69960022,142.339996338,142.419998169
1784044800,142.399993896,142.399993896,141.479995728,141.783493042
1784045100,141.850006104,141.88999939,141.440002441,141.690002441
1784045400,141.709899902,141.709899902,141.404006958,141.535797119
1784045700,141.520004272,141.57989502,141.089996338,141.25
1784046000,141.270004272,141.289993286,140.740005493,140.880004883
1784046300,140.899993896,141.149902344,140.649993896,140.770004272
1784046600,140.79989624,141.052505493,140.679992676,140.910003662
1784046900,140.929992676,140.979095459,140.25,140.348907471
1784047200,140.349899292,140.349899292,139.580001831,139.580505371
1784047500,139.615005493,139.929992676,139.25,139.550003052
1784047800,139.535003662,139.649993896,138.820007324,139
1784048100,139,139.13999939,138.559997559,138.650100708
1784048400,138.63999939,138.940002441,138.240005493,138.558395386
1784048700,138.539993286,139.149993896,138.5,139.054992676
1784049000,139.020004272,139.210006714,138.660003662,138.675003052
1784049300,138.690002441,138.729995728,138.199996948,138.468994141
1784049600,138.470001221,138.779998779,138.259994507,138.649993896
1784049900,138.619995117,138.839996338,138.600006104,138.815002441
1784050200,138.820007324,138.970001221,138.470092773,138.580001831
1784050500,138.595001221,138.699996948,138.470001221,138.600006104
1784050800,138.589996338,138.660003662,138.38999939,138.434997559
1784051100,138.434997559,138.580001831,138.270004272,138.389892578
1784051400,138.350097656,138.649993896,138.350006104,138.559997559
1784051700,138.559997559,138.710006714,138.419998169,138.61000061
1784052000,138.600006104,138.600006104,137.880004883,138.289993286
1784052300,138.285003662,138.449996948,137.919998169,138.13999939
1784052600,138.119995117,138.494995117,138.119995117,138.395004272
1784052900,138.38999939,138.600006104,138.300003052,138.559997559
1784053200,138.565002441,138.565002441,138.250305176,138.324996948
1784053500,138.309997559,138.468597412,138.230102539,138.330001831
1784053800,138.358795166,138.789993286,138.327392578,138.669998169
1784054100,138.675003052,139.009994507,138.619995117,138.990005493
1784054400,138.979995728,138.979995728,138.580093384,138.919998169
1784054700,138.919998169,139.029998779,138.779998779,138.830001831
1784055000,138.869995117,138.899993896,138.649993896,138.824996948
1784055300,138.809997559,138.880004883,138.559997559,138.660095215
1784055600,138.669998169,138.919998169,138.619995117,138.850006104
1784055900,138.875,138.899902344,138.600006104,138.660003662
1784056200,138.679992676,138.970001221,138.339996338,138.729995728
1784056500,138.710006714,138.819900513,138.509994507,138.550003052
1784056800,138.580001831,138.595001221,138.350006104,138.5
1784057100,138.5,138.5,138.070007324,138.130004883
1784057400,138.130004883,138.149993896,137.520004272,137.582305908
1784057700,137.559997559,137.599594116,137.279998779,137.309997559
1784058000,137.31010437,137.345001221,136.929992676,137.050094604
1784058300,137.054992676,137.130004883,136.720001221,136.75
1784058600,136.759994507,136.979995728,136.220001221,136.23500061
1784058900,136.270004272,136.350006104,135.929992676,136.119995117
1784122200,137.505004883,138.649993896,137.11000061,138.38999939
1784122500,138.380004883,139.339996338,138.258102417,138.604995728
1784122800,138.559997559,138.63999939,138.050003052,138.259994507
1784123100,138.315002441,138.419998169,137.5,137.710006714
1784123400,137.789993286,138.279907227,137.13999939,138.029998779
1784123700,138.035003662,138.470001221,137.649993896,138.044998169
1784124000,138.070007324,138.25,137.75,138
1784124300,138,138.020004272,137.5,137.755004883
1784124600,137.76499939,138.11000061,137.699996948,137.789398193
1784124900,137.780502319,137.785003662,137.009994507,137.039993286
1784125200,137.029998779,137.145004272,136.440002441,136.70010376
1784125500,136.714996338,137.460006714,136.640594482,137.199905396
1784125800,137.130004883,137.18989563,136.699996948,137.074996948
1784126100,137.074996948,137.259994507,136.5,136.600006104
1784126400,136.63999939,136.679992676,136.100006104,136.470001221
1784126700,136.449996948,136.559997559,136.100006104,136.519302368
1784127000,136.490005493,136.839996338,136.419998169,136.75
1784127300,136.770004272,137.039993286,136.649993896,136.910003662
1784127600,136.910003662,136.969894409,136.619995117,136.82989502
1784127900,136.830001831,137.225006104,136.679992676,137.029998779
1784128200,137.009994507,137.009994507,136.330093384,136.470001221
1784128500,136.470001221,136.5,135.839996338,136.089996338
1784128800,136.085006714,136.119995117,135.399993896,135.781295776
1784129100,135.774993896,135.904998779,135.330001831,135.904998779
1784129400,135.890106201,136.270004272,135.679992676,136.240005493
1784129700,136.240005493,136.550003052,135.970001221,136.479995728
1784130000,136.490005493,136.490005493,136.050003052,136.429992676
1784130300,136.429992676,136.440002441,136.130004883,136.270095825
1784130600,136.285003662,136.299301147,135.699996948,135.86000061
1784130900,135.869995117,135.960006714,135.720001221,135.73500061
1784131200,135.720504761,135.854995728,135.169998169,135.25
1784131500,135.240005493,135.240005493,132.86000061,132.929595947
1784131800,132.904998779,132.960006714,132.150100708,132.684997559
1784132100,132.695007324,133.589996338,132.619995117,133.324996948
1784132400,133.324996948,133.669998169,133.220001221,133.36000061
1784132700,133.410400391,133.940002441,133.324996948,133.699996948
1784133000,133.729995728,133.75,132.880004883,133.11000061
1784133300,133.080001831,133.145004272,132.5,132.550003052
1784133600,132.550003052,133.440002441,132.440002441,133.100006104
1784133900,133.130004883,133.550003052,132.92010498,133.195007324
1784134200,133.169998169,133.88999939,133.169998169,133.779998779
1784134500,133.800003052,134.179901123,133.654602051,134.13999939
1784134800,134.13999939,134.850006104,134.050003052,134.756607056
1784135100,134.744995117,135.279998779,134.61000061,135.220001221
1784135400,135.225006104,135.24949646,134.440002441,134.455001831
1784135700,134.460006714,134.979995728,134.25,134.845001221
1784136000,134.82699585,135.279907227,134.544998169,134.744995117
1784136300,134.744995117,135.039993286,134.630004883,134.880004883
1784136600,134.880004883,135,134.729995728,134.904998779
1784136900,134.910003662,134.919906616,134.580001831,134.809997559
1784137200,134.804992676,135,134.660003662,134.770004272
1784137500,134.770004272,135.899993896,134.600006104,135.554992676
1784137800,135.550003052,135.88999939,135.429992676,135.559997559
1784138100,135.599899292,135.809997559,135.410003662,135.509994507
1784138400,135.51499939,136.350006104,135.419998169,136.179992676
1784138700,136.179992676,136.470001221,136,136.100006104
1784139000,136.13999939,136.13999939,135.600006104,135.625
1784139300,135.600006104,135.809997559,135.5,135.740005493
1784139600,135.718994141,135.940002441,135.660003662,135.800003052
1784139900,135.789993286,135.979995728,135.660003662,135.740005493
1784140200,135.740005493,135.789993286,135.509994507,135.669998169
1784140500,135.649993896,135.949996948,135.460006714,135.600006104
1784140800,135.598098755,135.63999939,135.050003052,135.050003052
1784141100,135.059997559,135.179992676,134.759002686,134.804992676
1784141400,134.794998169,134.88999939,134.61000061,134.780105591
1784141700,134.799804688,134.830001831,134.320007324,134.559906006
1784142000,134.487106323,134.669906616,134.320007324,134.330093384
1784142300,134.330001831,134.419998169,134.100006104,134.294998169
1784142600,134.32850647,134.36000061,134.210006714,134.25
1784142900,134.259994507,134.300003052,134.080001831,134.262496948
1784143200,134.25,134.449996948,134.11000061,134.350006104
1784143500,134.36000061,134.970001221,134.270004272,134.960006714
1784143800,134.970001221,135.479995728,134.755004883,135.164993286
1784144100,135.179992676,135.354995728,135.100006104,135.304992676
1784144400,135.309997559,135.75,135.259994507,135.619995117
1784144700,135.619995117,135.800003052,135.199996948,135.404998779
1784145000,135.429992676,136.080001831,135.270004272,135.990005493
1784145300,136.009994507,136.190002441,135.070007324,135.300003052
1784208600,134.945007324,137.599899292,134.365203857,136.830001831
1784208900,136.800003052,137.490005493,135.520004272,136.369995117
1784209200,136.320007324,137.410003662,135.910003662,137.369995117
1784209500,137.350006104,137.759994507,135.949996948,136.104995728
1784209800,136.059997559,136.279998779,135.309997559,135.625
1784210100,135.600006104,136.880004883,135.070007324,136.074996948
1784210400,136.029998779,136.880004883,135.919998169,136.149993896
1784210700,136.149993896,136.440002441,135.899993896,136.270004272
1784211000,136.220001221,136.63999939,136.130004883,136.240005493
1784211300,136.270004272,136.979995728,136.179992676,136.789993286
1784211600,136.800003052,137.11000061,136.199996948,136.464996338
1784211900,136.449996948,136.789901733,136.020004272,136.693206787
1784212200,136.714996338,136.75,135.600006104,135.63999939
1784212500,135.615005493,136.070007324,134.580001831,134.675003052
1784212800,134.650497437,135.160003662,134.429992676,134.990005493
1784213100,134.990005493,135.199996948,134.789993286,134.910003662
1784213400,134.88999939,134.990005493,134.020004272,134.449996948
1784213700,134.460006714,135.11000061,134.179992676,134.845001221
1784214000,134.839996338,135.035003662,134.309997559,134.309997559
1784214300,134.300003052,134.5,133.899993896,134.335006714
1784214600,134.335006714,134.419998169,134.050003052,134.23500061
1784214900,134.260498047,134.460006714,133.699996948,134.375
1784215200,134.369995117,135.339996338,134.199996948,135.255004883
1784215500,135.279998779,135.710006714,135,135.274993896
1784215800,135.274993896,135.460006714,134.809997559,135.293502808
1784216100,135.279998779,135.789993286,135.199996948,135.395004272
1784216400,135.384994507,135.384994507,134.850006104,135.085006714
1784216700,135.100006104,135.119995117,134.350006104,134.449996948
1784217000,134.440002441,134.509994507,134.009994507,134.11000061
1784217300,134.080001831,134.470001221,133.770004272,134.369995117
1784217600,134.410003662,134.410003662,133.800003052,133.850006104
1784217900,133.820007324,133.928207397,133.619995117,133.720001221
1784218200,133.73500061,133.73500061,133.220001221,133.320007324
1784218500,133.279998779,133.440002441,132.800003052,132.820007324
1784218800,132.850006104,133.009994507,132.600006104,132.960006714
1784219100,132.964996338,135.270004272,132.899993896,133.199996948
1784219400,133.229995728,133.38999939,133.070007324,133.324996948
1784219700,133.324996948,133.5,133.098007202,133.166000366
1784220000,133.145004272,133.289993286,132.740005493,132.804992676
1784220300,132.800003052,132.869903564,132.330505371,132.619995117
1784220600,132.600006104,133.259994507,132.48500061,132.960006714
1784220900,132.979995728,133.300003052,132.949996948,133.225006104
1784221200,133.225006104,133.229995728,132.649993896,132.919998169
1784221500,132.899993896,132.904998779,132.539993286,132.755996704
1784221800,132.73500061,132.789993286,132.340103149,132.369903564
1784222100,132.36000061,132.649993896,132.330001831,132.490005493
1784222400,132.48500061,132.5,131.824996948,132.104995728
1784222700,132.087493896,132.520004272,131.730194092,132.440002441
1784223000,132.425003052,132.529998779,131.619995117,131.672103882
1784223300,131.679901123,131.75,131.050003052,131.11000061
1784223600,131.11000061,131.300003052,130.800003052,130.990005493
1784223900,131.005004883,131.309997559,130.740005493,131.289993286
1784224200,131.270004272,131.479995728,131,131.25
1784224500,131.26499939,131.580001831,131.149993896,131.345001221
1784224800,131.339996338,131.889892578,131.320007324,131.550003052
1784225100,131.509994507,131.899993896,131.444396973,131.824996948
1784225400,131.830001831,132.039993286,131.589996338,131.645004272
1784225700,131.61000061,131.79989624,131.440002441,131.470001221
1784226000,131.475006104,131.830001831,131.390106201,131.800003052
1784226300,131.740005493,131.93989563,131.570007324,131.660003662
1784226600,131.660003662,131.660003662,131.190002441,131.285003662
1784226900,131.270004272,131.490005493,131.179992676,131.375
1784227200,131.36000061,131.529998779,131.130004883,131.429992676
1784227500,131.440002441,131.580001831,131.270004272,131.524993896
1784227800,131.5,131.559997559,131.229995728,131.339996338
1784228100,131.330001831,131.350006104,131.080001831,131.11000061
1784228400,131.100006104,131.539794922,131.095001221,131.499603271
1784228700,131.479995728,131.520004272,131.061599731,131.220001221
1784229000,131.203994751,131.429992676,131.199996948,131.399993896
1784229300,131.404998779,131.479904175,131.25,131.339996338
1784229600,131.331802368,131.539993286,131.229995728,131.36000061
1784229900,131.369995117,131.5,131.149993896,131.464996338
1784230200,131.460006714,132.13999939,131.380004883,131.949996948
1784230500,131.960006714,131.970001221,131.600006104,131.925003052
1784230800,131.899993896,131.989898682,131.520004272,131.830001831
1784231100,131.820007324,132.449996948,131.779998779,132.313705444
1784231400,132.330001831,132.759994507,132.183502197,132.538604736
1784231700,132.5,132.884994507,131.020004272,131.029998779
1784295000,127.425003052,128.199996948,125.120002747,125.164497375
1784295300,125.154998779,125.459999084,122.120002747,123.114997864
1784295600,123.120002747,124.300003052,122.879997253,124.165000916
1784295900,124.135002136,125.859901428,124.010002136,125.339996338
1784296200,125.339996338,125.370002747,124.25,124.6690979
1784296500,124.599998474,125.75,124.260002136,125.444999695
1784296800,125.38999939,126.739997864,125.38999939,125.919998169
1784297100,125.915000916,127.019996643,125.910102844,126.800003052
1784297400,126.805000305,126.949897766,125.652496338,125.809997559
1784297700,125.809997559,126.800003052,125.629997253,126.540000916
1784298000,126.529998779,126.839996338,126.13999939,126.75
1784298300,126.754997253,127.067703247,125.519996643,126
1784298600,126.019996643,126.059997559,124.910003662,125.370002747
1784298900,125.339996338,126.409896851,125.279998779,126.245002747
1784299200,126.236999512,126.479896545,125.630096436,125.900001526
1784299500,125.894996643,125.894996643,124.794998169,124.800003052
1784299800,124.834999084,125.36000061,124.800003052,124.88999939
1784300100,124.88999939,125.099899292,124.129997253,124.300003052
1784300400,124.309997559,124.439903259,123.650001526,123.699996948
1784300700,123.669998169,123.739997864,123.220001221,123.444999695
1784301000,123.410003662,123.849998474,123.339996338,123.760002136
1784301300,123.745002747,123.75,123.38999939,123.559997559
1784301600,123.540000916,124.018997192,123.339996338,123.949996948
1784301900,123.870002747,124.61000061,123.870002747,124.510002136
1784302200,124.54989624,124.720001221,123.949996948,124.159698486
1784302500,124.144996643,124.440002441,123.830001831,123.971702576
1784302800,123.955001831,124.109901428,123.400001526,123.470001221
1784303100,123.459999084,123.550003052,122.849998474,123.519996643
1784303400,123.510002136,124.199996948,123.220001221,124.129997253
1784303700,124.129997253,124.669998169,124.069999695,124.550003052
1784304000,124.559997559,124.944999695,124.170501709,124.540000916
1784304300,124.504997253,124.869903564,124.239997864,124.801399231
1784304600,124.834999084,125.11000061,124.279998779,124.504997253
1784304900,124.5,125.349899292,124.199996948,125.132499695
1784305200,125.135002136,125.25,124.190002441,124.254997253
1784305500,124.300003052,124.529899597,123.900100708,124.455001831
1784305800,124.455001831,124.539901733,124.190002441,124.294998169
1784306100,124.319999695,124.769996643,124.309997559,124.569999695
1784306400,124.540100098,125.179496765,124.400001526,125.099998474
1784306700,125.125,125.480003357,124.940002441,125.379997253
1784307000,125.400001526,126.080001831,125.36000061,126.019996643
1784307300,126.029998779,126.309997559,125.61000061,125.73500061
1784307600,125.739997864,126.305000305,125.699996948,126.134803772
1784307900,126.120002747,126.180000305,125.75,125.900001526
1784308200,125.919998169,126.199996948,125.720001221,126.069999695
1784308500,126.111602783,126.339996338,125.699996948,125.730003357
1784308800,125.730003357,125.879898071,125.559997559,125.815002441
1784309100,125.792999268,126.499900818,125.760002136,126.324996948
1784309400,126.279998779,126.399597168,126,126.300003052
1784309700,126.319999695,126.379997253,125.669998169,125.900001526
1784310000,125.88999939,125.930000305,125.220001221,125.416999817
1784310300,125.417297363,125.75,125.309997559,125.679901123
1784310600,125.669998169,126.099998474,125.63999939,125.980903625
1784310900,125.926300049,126.059997559,125.780097961,125.849998474
1784311200,125.849998474,126.11000061,125.519996643,125.864997864
1784311500,125.864997864,125.88999939,125.199996948,125.315002441
1784311800,125.309997559,125.449897766,125.220001221,125.269996643
1784312100,125.285003662,125.309997559,124.900001526,125.154998779
1784312400,125.13999939,125.209999084,124.930099487,125.080001831
1784312700,125.050003052,125.379997253,124.980003357,125.240898132
1784313000,125.209999084,125.580001831,125.019996643,125.165000916
1784313300,125.180000305,125.300003052,125.019996643,125.129997253
1784313600,125.160003662,125.220001221,124.925003052,125.181999207
1784313900,125.175003052,125.540000916,125.090103149,125.510002136
1784314200,125.470001221,126,125.385101318,125.919998169
1784314500,125.910003662,126.040000916,125.620002747,125.800003052
1784314800,125.805000305,129.88999939,125.589996338,129.11000061
1784315100,129.169998169,130.32989502,125.760002136,126.080001831
1784315400,126.029998779,126.574996948,125.269996643,125.379402161
1784315700,125.379997253,125.559997559,124.480003357,125.050003052
1784316000,125.010002136,125.050003052,123.440002441,123.449996948
1784316300,123.470001221,123.959999084,123.050003052,123.800003052
1784316600,123.845001221,124.330001831,123.699996948,124.069999695
1784316900,124.007202148,124.135002136,123.699996948,123.864997864
1784317200,123.800003052,124.260002136,123.510002136,124.165000916
1784317500,124.160003662,124.349998474,123.660003662,123.699996948
1784317800,123.699996948,124.199996948,123.675003052,124.074996948
1784318100,124.120002747,124.88999939,123.849998474,123.959999084
1784554200,125.330001831,125.680000305,123.449996948,124.63999939
1784554500,124.60369873,124.870002747,123.040100098,123.300003052
1784554800,123.379997253,123.75,122.400001526,122.400497437
1784555100,122.419998169,122.900001526,122.150001526,122.180000305
1784555400,122.180000305,122.730003357,121.650001526,121.665000916
1784555700,121.690002441,121.880699158,120.510002136,121.069999695
1784556000,121.040000916,121.160003662,120.510002136,120.79989624
1784556300,120.779998779,121.249900818,120.550598145,120.675003052
1784556600,120.690002441,120.962997437,120.260002136,120.819999695
1784556900,120.809997559,121.190002441,120.379997253,120.501502991
1784557200,120.459999084,121.160003662,120.099998474,121.099998474
1784557500,121.089996338,121.879997253,121.080001831,121.849998474
1784557800,121.855003357,122.470001221,121.38999939,121.489997864
1784558100,121.474998474,121.559997559,120.790000916,121.26499939
1784558400,121.230003357,121.599899292,121.150001526,121.366996765
1784558700,121.397003174,121.88999939,121.160003662,121.550003052
1784559000,121.529998779,121.790000916,121.180000305,121.300003052
1784559300,121.294998169,121.629997253,121,121.629997253
1784559600,121.660003662,122.220001221,121.5,122.069999695
1784559900,122.050003052,122.239997864,121.650001526,122.120101929
1784560200,122.150001526,122.489997864,121.809997559,122.319999695
1784560500,122.339996338,122.699996948,122.220001221,122.489997864
1784560800,122.489997864,122.75,122.410003662,122.595001221
1784561100,122.595001221,122.919998169,122.430000305,122.909599304
1784561400,122.879997253,123.319999695,122.629997253,123.13999939
1784561700,123.153999329,123.499801636,122.970001221,123.290000916
1784562000,123.290000916,123.599998474,123.099998474,123.11000061
1784562300,123.099998474,123.169998169,122.459999084,122.494400024
1784562600,122.489997864,123.400001526,122.480003357,123.245002747
1784562900,123.254997253,123.540000916,123.199996948,123.425003052
1784563200,123.419998169,123.800003052,123.199996948,123.660003662
1784563500,123.690002441,124.449996948,123.690002441,124.279998779
1784563800,124.294998169,124.699996948,124.100097656,124.569999695
1784564100,124.563301086,124.730003357,124.410102844,124.500099182
1784564400,124.5,124.769996643,124.400100708,124.644996643
1784564700,124.679901123,124.870002747,124.410003662,124.760002136
1784565000,124.785003662,124.909797668,124.279998779,124.5
1784565300,124.480003357,124.569999695,124.010002136,124.345001221
1784565600,124.345001221,124.370002747,123.600196838,123.720001221
1784565900,123.690002441,124.332000732,123.550003052,124.190002441
1784566200,124.230003357,124.319900513,123.370002747,123.410003662
1784566500,123.404998779,123.470001221,122.839996338,122.959899902
1784566800,122.954299927,122.954299927,122.599998474,122.620101929
1784567100,122.629997253,122.959999084,122.540000916,122.697097778
1784567400,122.720001221,122.790000916,122.180000305,122.209999084
1784567700,122.199996948,122.510002136,122.120002747,122.480003357
1784568000,122.479499817,122.680000305,122.290000916,122.559997559
1784568300,122.574996948,122.778198242,122.220001221,122.569999695
1784568600,122.589996338,122.779998779,122.559997559,122.559997559
1784568900,122.559997559,122.819999695,122.300003052,122.324996948
1784569200,122.309997559,122.459999084,121.769996643,121.86000061
1784569500,121.86000061,122.349998474,121.800003052,122.300003052
1784569800,122.300003052,122.589996338,122.239997864,122.529998779
1784570100,122.530097961,122.699897766,122.264900208,122.569999695
1784570400,122.569999695,122.959999084,122.459999084,122.529998779
1784570700,122.544998169,122.919998169,122.400001526,122.88999939
1784571000,122.88999939,123.269996643,122.680000305,123.247703552
1784571300,123.254997253,123.410003662,123.029998779,123.089996338
1784571600,123.11000061,123.199996948,122.430000305,122.444999695
1784571900,122.459999084,122.845001221,122.419998169,122.650001526
1784572200,122.589996338,122.639099121,122.269996643,122.339996338
1784572500,122.379997253,122.580001831,122.080001831,122.169998169
1784572800,122.189903259,122.239997864,121.900001526,121.989997864
1784573100,121.930000305,122.099998474,121.849998474,121.855003357
1784573400,121.855003357,121.980003357,121.739997864,121.92250061
1784573700,121.940002441,121.940002441,121.660003662,121.663200378
1784574000,121.669998169,121.757301331,121.160499573,121.25
1784574300,121.260002136,121.459999084,121.11000061,121.339996338
1784574600,121.339996338,121.480003357,121.11000061,121.144996643
1784574900,121.144996643,121.410003662,120.879997253,120.919998169
1784575200,120.910003662,120.999900818,120.680000305,120.88999939
1784575500,120.870002747,121,120.709999084,120.900001526
1784575800,120.910003662,121.04989624,120.599998474,120.690002441
1784576100,120.690002441,120.719902039,120.330001831,120.434997559
1784576400,120.434997559,120.879997253,120.36000061,120.839996338
1784576700,120.849998474,120.92250061,120.480003357,120.739997864
1784577000,120.699996948,120.739997864,120.319999695,120.420402527
1784577300,120.434997559,120.459999084,119.690002441,119.86000061
1784640600,122.169998169,123.480003357,120.364997864,120.88999939
1784640900,120.809997559,121.88999939,120.5,121.644996643
1784641200,121.629997253,122.989997864,121.5,122.870002747
1784641500,122.879997253,124.63999939,122.849998474,124.574996948
1784641800,124.574996948,125.364997864,124.438903809,125.209999084
1784642100,125.190002441,125.660003662,124.819999695,125.13999939
1784642400,125.169998169,126.440002441,125.11000061,126.36000061
1784642700,126.400001526,127.269996643,126,126.205001831
1784643000,126.199996948,126.879997253,125.900001526,126.790000916
1784643300,126.790000916,127.86000061,126.464996338,127.297996521
1784643600,127.330001831,127.330001831,126.5,127.26499939
1784643900,127.26499939,128.369995117,127.239997864,128.150604248
1784644200,128.13999939,128.779998779,127.5,127.699897766
1784644500,127.690002441,127.690002441,127,127.209999084
1784644800,127.160003662,128.419998169,127.099998474,127.989997864
1784645100,127.959999084,128.039993286,127.5,128.029907227
1784645400,127.919998169,128.100006104,127.520103455,127.551597595
1784645700,127.550003052,127.919998169,127.550003052,127.739997864
1784646000,127.699996948,127.739997864,126.800003052,126.879898071
1784646300,126.864997864,128.949905396,126.790000916,128.804992676
1784646600,128.770004272,129.880004883,128.759994507,129.445007324
1784646900,129.5,129.839996338,128.720001221,128.949996948
1784647200,128.900100708,129.179992676,128.550003052,129.029998779
1784647500,128.990493774,129.13999939,128.539993286,128.654998779
1784647800,128.654998779,128.720001221,128.100006104,128.38999939
1784648100,128.38999939,128.550003052,128.210006714,128.459793091
1784648400,128.440002441,128.529998779,127.800003052,127.910003662
1784648700,127.910003662,128.5,127.730003357,128.48500061
1784649000,128.48500061,128.710006714,128.179992676,128.289993286
1784649300,128.289993286,128.5,128.210006714,128.294998169
1784649600,128.300003052,128.300003052,127.910003662,128.149993896
1784649900,128.154998779,128.229995728,127.400001526,127.519897461
1784650200,127.5,127.619903564,127.169998169,127.36000061
1784650500,127.375,128.039993286,127.089996338,127.129997253
1784650800,127.080001831,127.419998169,127.050003052,127.269996643
1784651100,127.290000916,127.550003052,127.089996338,127.519996643
1784651400,127.540000916,127.989997864,127.489997864,127.959999084
1784651700,127.915000916,128.220001221,127.800003052,127.932403564
1784652000,127.925003052,128.139007568,127.332801819,127.400001526
1784652300,127.400001526,128.539993286,127.400001526,128.505004883
1784652600,128.505004883,128.550003052,128.270004272,128.399993896
1784652900,128.38999939,128.630004883,128.300506592,128.449996948
1784653200,128.5,129.050003052,128.5,128.75
1784653500,128.785003662,129.100006104,128.759994507,128.830001831
1784653800,128.880004883,128.880004883,128.339996338,128.365005493
1784654100,128.36000061,128.86000061,128.275100708,128.619903564
1784654400,128.63999939,128.63999939,128.333999634,128.419998169
1784654700,128.449996948,128.550003052,128.199996948,128.23500061
1784655000,128.220001221,128.419998169,128.169998169,128.25
1784655300,128.26499939,128.489395142,127.86000061,127.885002136
1784655600,127.864997864,128.039993286,127.650001526,127.680000305
1784655900,127.690002441,127.869903564,127.5,127.849998474
1784656200,127.870002747,128.078094482,127.75,127.760002136
1784656500,127.760002136,128.229995728,127.620002747,127.995002747
1784656800,127.989997864,128.199996948,127.61000061,127.730003357
1784657100,127.730003357,127.919898987,127.559997559,127.569999695
1784657400,127.595001221,127.739997864,127.529998779,127.529998779
1784657700,127.529998779,127.589897156,127.160003662,127.23400116
1784658000,127.260002136,127.330001831,126.809997559,126.925003052
1784658300,126.925003052,127.300003052,126.599998474,127.114997864
1784658600,127.105003357,127.139900208,126.790000916,126.900001526
1784658900,126.934997559,127.059997559,126.519996643,126.589996338
1784659200,126.574996948,126.769996643,126.360496521,126.464996338
1784659500,126.470001221,126.579902649,125.449996948,125.580001831
1784659800,125.61000061,125.61000061,124.349998474,124.370002747
1784660100,124.349998474,124.779998779,123.550003052,123.63999939
1784660400,123.709999084,123.809997559,123.129997253,123.184997559
1784660700,123.160003662,123.970001221,122.940002441,123.650001526
1784661000,123.650001526,123.839996338,123.120002747,123.300003052
1784661300,123.319999695,123.330001831,122.580001831,122.63999939
1784661600,122.650001526,123.190002441,122.5,122.519996643
1784661900,122.519996643,122.870002747,122.150001526,122.644996643
1784662200,122.650001526,123.209999084,122.589996338,123.029998779
1784662500,123.050003052,123.599998474,122.940002441,123.230003357
1784662800,123.230003357,123.25,122.879997253,123.119903564
1784663100,123.11000061,123.510002136,122.980499268,123.489997864
1784663400,123.510002136,123.559997559,122.919998169,123.040000916
1784663700,123.059997559,123.915000916,123.050003052,123.470001221
1784727000,123.290000916,123.38999939,121.769996643,122.714996338
1784727300,122.690002441,123.099998474,121.75,122.044998169
1784727600,121.98500061,122.519996643,121.620002747,122.38999939
1784727900,122.440002441,123.010002136,121.800003052,122.970001221
1784728200,122.904197693,123.470001221,122.791099548,123.190002441
1784728500,123.180000305,123.75,123.050003052,123.75
1784728800,123.680000305,123.88999939,123.300003052,123.440002441
1784729100,123.430000305,123.488098145,122.830001831,123.105003357
1784729400,123.105003357,123.11000061,121.870002747,121.900001526
1784729700,121.904998779,122.290000916,121.75,122.279998779
1784730000,122.269996643,123.040000916,122.220001221,122.910003662
1784730300,122.919998169,123.169998169,122.589996338,123.13999939
1784730600,123.169998169,123.379997253,122.590103149,122.620399475
1784730900,122.644996643,123.189903259,122.400001526,122.819999695
1784731200,122.839996338,123,122.480003357,122.809997559
1784731500,122.809997559,123.190002441,122.669998169,122.980003357
1784731800,122.980003357,123.089996338,122.800003052,122.930000305
1784732100,122.930000305,123.419998169,122.879997253,123.300003052
1784732400,123.36000061,123.899902344,122.760101318,123.75
1784732700,123.709999084,124.300003052,123.660003662,123.864997864
1784733000,123.86000061,124.329498291,123.629997253,124.315002441
1784733300,124.330001831,124.539901733,124.180000305,124.433998108
1784733600,124.469902039,124.580001831,124.059997559,124.300003052
1784733900,124.294998169,124.599998474,124.120002747,124.339996338
1784734200,124.309997559,124.440002441,124.199996948,124.300003052
1784734500,124.290000916,124.769996643,124.251502991,124.644798279
1784734800,124.650001526,124.75,124,124.11000061
1784735100,124.069999695,124.660003662,124.010002136,124.63999939
1784735400,124.63999939,124.720001221,124.531196594,124.620002747
1784735700,124.599998474,124.629997253,124.260002136,124.539001465
1784736000,124.459999084,124.650001526,123.699996948,123.769996643
1784736300,123.75,123.769996643,123.540100098,123.660003662
1784736600,123.63999939,123.650001526,122.86000061,123.125
1784736900,123.125,123.150001526,122.64099884,122.785003662
1784737200,122.785003662,122.809997559,121.809997559,121.964996338
1784737500,121.949996948,121.980003357,121.680000305,121.769996643
1784737800,121.769996643,121.989997864,121.330001831,121.525001526
1784738100,121.559997559,121.619903564,121.065002441,121.209999084
1784738400,121.219902039,121.241996765,120.720001221,120.779998779
1784738700,120.779998779,121.089996338,120.560096741,121.079902649
1784739000,121.069999695,121.220001221,120.900001526,120.949996948
1784739300,120.949996948,121.489997864,120.819999695,121.324996948
1784739600,121.339996338,121.370002747,121.050003052,121.074996948
1784739900,121.080001831,121.129997253,120.819999695,120.919998169
1784740200,120.907096863,120.976799011,120.739997864,120.824996948
1784740500,120.824996948,120.980003357,120.739997864,120.940002441
1784740800,120.940002441,120.940002441,120.580001831,120.680000305
1784741100,120.669998169,120.720001221,120.25,120.339996338
1784741400,120.330001831,120.577598572,119.160003662,119.160003662
1784741700,119.180000305,120.099998474,119.050003052,119.665000916
1784742000,119.665000916,119.790000916,119.160003662,119.324996948
1784742300,119.349998474,119.489997864,119.190002441,119.479301453
1784742600,119.464996338,119.480003357,118.150001526,118.220001221
1784742900,118.224998474,118.769996643,118.080001831,118.580001831
1784743200,118.599998474,118.800003052,118.519996643,118.669998169
1784743500,118.660003662,118.980003357,118.589996338,118.799003601
1784743800,118.800003052,119.269897461,118.599998474,118.709999084
1784744100,118.699996948,118.980003357,118.550003052,118.569999695
1784744400,118.569999695,118.580001831,117.690002441,117.730003357
1784744700,117.739997864,117.831497192,117.38999939,117.394996643
1784745000,117.38999939,118.059997559,116.900001526,117.714996338
1784745300,117.690002441,117.879997253,117.495300293,117.600402832
1784745600,117.620002747,117.769996643,117.489997864,117.555000305
1784745900,117.540000916,117.699996948,116.949996948,117.050003052
1784746200,117.029998779,117.059997559,116.699996948,116.699996948
1784746500,116.728797913,116.978500366,116.61000061,116.635002136
1784746800,116.63999939,116.769996643,116.190002441,116.709999084
1784747100,116.699996948,117.290000916,116.470001221,117.095001221
1784747400,117.099998474,117.160003662,116.230003357,116.529998779
1784747700,116.559997559,116.669998169,116.13999939,116.535003662
1784748000,116.5,116.665298462,116.309997559,116.486000061
1784748300,116.5,116.75,116.030097961,116.61000061
1784748600,116.60849762,116.75,116.300003052,116.605003357
1784748900,116.605003357,116.720001221,115.919998169,115.973999023
1784749200,115.964996338,116.269996643,115.699996948,115.899902344
1784749500,115.879997253,116,115.650001526,115.869903564
1784749800,115.879997253,116.510002136,115.379997253,115.400001526
1784750100,115.38999939,115.440002441,115.190002441,115.269996643
1784813400,115.099998474,115.839996338,114.519996643,115.154998779
1784813700,115.199897766,116.290000916,115.029998779,115.900001526
1784814000,115.898101807,116.410003662,114.519996643,114.569999695
1784814300,114.565002441,115.589996338,114.320297241,114.76499939
1784814600,114.739997864,115.069999695,113.540000916,113.989997864
1784814900,113.940002441,114.150001526,113.309997559,113.544998169
1784815200,113.569999695,114.080001831,113.5,113.644996643
1784815500,113.614997864,114.209999084,113.260002136,113.364997864
1784815800,113.379997253,113.410003662,112.020103455,112.240097046
1784816100,112.330001831,113.479896545,112.169998169,112.769996643
1784816400,112.750099182,113.419998169,112.709999084,112.900001526
1784816700,112.879997253,112.989898682,112.180000305,112.400001526
1784817000,112.36000061,112.440002441,112.050003052,112.209999084
1784817300,112.239997864,113.129997253,112.190101624,112.879997253
1784817600,112.88999939,113.11000061,112.180000305,112.205001831
1784817900,112.205001831,112.205001831,111.129997253,111.330001831
1784818200,111.330001831,111.459999084,110.849998474,111.38999939
1784818500,111.370002747,111.940002441,111.370002747,111.510002136
1784818800,111.529998779,112.309898376,111.510002136,111.988502502
1784819100,111.949996948,112.279998779,111.510002136,111.569900513
1784819400,111.535003662,112.38999939,111.099998474,112.364997864
1784819700,112.364997864,112.970001221,112.290000916,112.739997864
1784820000,112.75,113.079399109,112.330001831,112.51499939
1784820300,112.51499939,112.599998474,112.080001831,112.539001465
1784820600,112.540000916,113.400001526,112.531700134,113.315002441
1784820900,113.330001831,113.410003662,112.800003052,112.980003357
1784821200,112.989997864,113.029998779,112.300003052,112.809997559
1784821500,112.834999084,113.379997253,112.599998474,113.029998779
1784821800,113.010002136,114.120002747,112.980003357,114.069999695
1784822100,114.069999695,114.650001526,113.779998779,114.589996338
1784822400,114.650001526,114.680000305,114.129997253,114.199996948
1784822700,114.169998169,115.199996948,114.140098572,115.130500793
1784823000,115.130096436,115.63999939,115.059997559,115.260398865
1784823300,115.275001526,116.349998474,115.209999084,116.349899292
1784823600,116.349502563,116.729797363,116.001899719,116.367500305
1784823900,116.38999939,116.510002136,115.510101318,115.925003052
1784824200,115.944900513,116.230003357,115.510002136,115.550003052
1784824500,115.550003052,115.86000061,115.449996948,115.559997559
1784824800,115.569999695,115.580001831,115.010002136,115.345001221
1784825100,115.345001221,115.448699951,115.120101929,115.339996338
1784825400,115.339996338,115.63999939,115.169998169,115.339996338
1784825700,115.330001831,116.199996948,115.330001831,116.129997253
1784826000,116.123199463,116.29989624,115.779998779,115.788696289
1784826300,115.815002441,115.815002441,115.300003052,115.714996338
1784826600,115.724998474,115.870002747,115.599998474,115.729896545
1784826900,115.680000305,115.910003662,115.36000061,115.569999695
1784827200,115.559997559,116.099998474,115.559997559,116
1784827500,115.970001221,116,115.709999084,115.730400085
1784827800,115.739997864,115.739997864,115.13999939,115.489898682
1784828100,115.464996338,115.669998169,115.199996948,115.470001221
1784828400,115.474998474,115.589996338,115.020103455,115.020103455
1784828700,115.019996643,115.680000305,115.019996643,115.644996643
1784829000,115.644996643,115.879997253,115.419998169,115.754997253
1784829300,115.754997253,116.11000061,115.540000916,116.057502747
1784829600,116.11000061,117.029998779,116.059997559,116.749198914
1784829900,116.739997864,116.970001221,116.120002747,116.379997253
1784830200,116.379997253,116.760002136,116.250701904,116.540000916
1784830500,116.540000916,116.919998169,116.449996948,116.839897156
1784830800,116.805000305,116.879997253,116.440002441,116.589996338
1784831100,116.599899292,117.059997559,116.550003052,116.675003052
1784831400,116.709999084,117.300003052,116.669998169,117.160003662
1784831700,117.154998779,117.300003052,116.970001221,117.25
1784832000,117.254997253,117.410003662,116.806602478,117.154998779
1784832300,117.13999939,117.5,117.077400208,117.279998779
1784832600,117.279998779,117.540000916,117.010101318,117.050003052
1784832900,117.04989624,117.260002136,116.75,117.004997253
1784833200,117,117.065002441,115.830001831,115.883300781
1784833500,115.870002747,116.219902039,115.830001831,116.144996643
1784833800,116.144996643,116.620002747,116.059997559,116.13999939
1784834100,116.120002747,116.239997864,115.699996948,115.959999084
1784834400,115.941101074,116.599998474,115.919998169,116.529998779
1784834700,116.550003052,116.800003052,116.330001831,116.620002747
1784835000,116.614997864,116.730003357,116.309997559,116.555000305
1784835300,116.550003052,116.63999939,116.022003174,116.13999939
1784835600,116.13999939,116.499900818,116.010002136,116.375
1784835900,116.38999939,117.290000916,116.38999939,117.230003357
1784836200,117.239997864,117.629997253,116.75,117.345001221
1784836500,117.370002747,118.550003052,116.790000916,118.279998779
1784899800,115.931999207,116.744003296,114.769996643,115.595001221
1784900100,115.529502869,116.079902649,114.809997559,115.290000916
1784900400,115.26499939,115.29989624,114.050003052,114.690002441
1784900700,114.650001526,115.169998169,114.129997253,115.059997559
1784901000,115.06300354,115.25,113.440101624,113.599998474
1784901300,113.61000061,114.199996948,113.300003052,114.035003662
1784901600,114.069999695,114.5,113.75,113.925003052
1784901900,113.934997559,114.510002136,113.919998169,114.430000305
1784902200,114.385002136,114.440002441,113.800003052,114.035003662
1784902500,114.044197083,114.069999695,112.980003357,113.214996338
1784902800,113.209999084,113.25,112.849998474,113
1784903100,112.980003357,113.519996643,112.612503052,113.44909668
1784903400,113.449996948,113.5,112.589996338,112.724197388
1784903700,112.720001221,112.86000061,111.61000061,111.635002136
1784904000,111.614997864,111.900001526,111.400001526,111.809997559
1784904300,111.819999695,112.339996338,111.699996948,112.309898376
1784904600,112.309898376,112.980003357,112.290100098,112.790000916
1784904900,112.794799805,113.300003052,112.709999084,113.269996643
1784905200,113.269996643,113.419998169,112.668502808,112.739997864
1784905500,112.759902954,112.759902954,111.949996948,111.964996338
1784905800,111.964996338,113.059997559,111.940002441,112.949996948
1784906100,112.910003662,113.348999023,112.03679657,112.216400146
1784906400,112.194999695,112.839996338,112.194999695,112.709999084
1784906700,112.705001831,113.13999939,112.669998169,112.879997253
1784907000,112.86000061,113.36000061,112.790000916,112.830001831
1784907300,112.820701599,113.269996643,112.820098877,113.129997253
1784907600,113.149398804,113.198799133,112.709999084,112.830001831
1784907900,112.834999084,113.050003052,112.669998169,112.970001221
1784908200,112.980003357,113.410003662,112.959999084,113.099998474
1784908500,113.060096741,113.440002441,113.060096741,113.324996948
1784908800,113.319999695,113.550003052,113.209999084,113.499900818
1784909100,113.51499939,113.599998474,113.120002747,113.150001526
1784909400,113.150001526,113.410003662,112.430000305,112.5
1784909700,112.51499939,112.569900513,112.260002136,112.510002136
1784910000,112.519996643,112.769996643,112.400001526,112.637199402
1784910300,112.639900208,112.870002747,112.489997864,112.529998779
1784910600,112.525001526,112.859901428,112.349998474,112.680000305
1784910900,112.61000061,112.669998169,112.510002136,112.559997559
1784911200,112.574996948,112.650001526,112.390899658,112.449996948
1784911500,112.449996948,112.63999939,112.379997253,112.569999695
1784911800,112.559997559,112.730003357,112.5,112.580001831
1784912100,112.550003052,112.898597717,112.459999084,112.569999695
1784912400,112.580001831,112.61000061,112.370002747,112.470001221
1784912700,112.440002441,112.550003052,111.800003052,111.879997253
1784913000,111.839996338,112.169998169,111.800003052,112.114997864
1784913300,112.100097656,112.680000305,112.069999695,112.644996643
1784913600,112.654998779,112.739997864,112.510002136,112.6588974
1784913900,112.63999939,113.099899292,112.580001831,112.849998474
1784914200,112.855003357,113.230003357,112.790000916,113.144996643
1784914500,113.144996643,113.144996643,112.610099792,112.910003662
1784914800,112.919998169,113.160003662,112.739997864,112.989997864
1784915100,113,113.178398132,112.930000305,113.129997253
1784915400,113.158401489,113.5,113.11000061,113.289901733
1784915700,113.275001526,113.510002136,113.244003296,113.260002136
1784916000,113.275001526,113.470001221,113.053596497,113.125
1784916300,113.159896851,113.220001221,113.032798767,113.169998169
1784916600,113.160003662,113.290000916,113.019996643,113.260002136
1784916900,113.209999084,113.260002136,112.779998779,112.867599487
1784917200,112.849998474,113.089996338,112.75,112.970100403
1784917500,113,113.120002747,112.830001831,113.080001831
1784917800,113.080001831,113.252998352,112.870002747,113.150001526
1784918100,113.13999939,113.36000061,112.845901489,112.930000305
1784918400,112.925003052,113.120002747,112.63999939,113.096099854
1784918700,113.105003357,113.400001526,113.061302185,113.205001831
1784919000,113.205001831,114.599998474,113.199996948,114.245002747
1784919300,114.220001221,114.349998474,113.650001526,113.940002441
1784919600,113.970001221,114.080001831,113.569999695,113.684997559
1784919900,113.690002441,114.089996338,113.629997253,113.660003662
1784920200,113.680000305,114.393501282,113.63999939,114.169998169
1784920500,114.190002441,114.559997559,114.099998474,114.305000305
1784920800,114.300003052,114.779998779,114.169998169,114.339996338
1784921100,114.324996948,114.529998779,114.260101318,114.309997559
1784921400,114.330001831,114.369796753,113.940002441,113.990997314
1784921700,114,114.279998779,113.830001831,114.129997253
1784922000,114.150001526,114.190002441,113.845001221,114.160102844
1784922300,114.160003662,114.26499939,113.940002441,114.259498596
1784922600,114.260002136,115.059898376,114.099998474,114.949996948
1784922900,114.930000305,115.13999939,114.669998169,115.069999695
1785159000,113.434997559,114.830001831,111.660003662,112.355003357
1785159300,112.355003357,113.5,112.129997253,112.779998779
1785159600,112.793998718,113.499900818,112.559997559,112.955001831
1785159900,112.980003357,113.370002747,111.655296326,111.870002747
1785160200,111.831100464,111.86000061,110.550003052,110.622299194
1785160500,110.625,110.800003052,110.000099182,110.540000916
1785160800,110.550003052,110.959999084,110.2315979,110.510002136
1785161100,110.569999695,111.290000916,109.529998779,111.197998047
1785161400,111.199996948,111.819999695,110.559997559,111.220001221
1785161700,111.229896545,111.599998474,110.63710022,110.925003052
1785162000,110.919998169,111,110.050003052,110.419998169
1785162300,110.419998169,110.580001831,109.660003662,109.716400146
1785162600,109.739997864,109.86000061,109.190002441,109.739997864
1785162900,109.724998474,109.849998474,109.120002747,109.474998474
1785163200,109.474998474,109.61000061,108.660003662,108.849998474
1785163500,108.800003052,109.839996338,108.800003052,109.654998779
1785163800,109.680000305,110.660003662,109.650001526,110.525001526
1785164100,110.525001526,111.099998474,110.300003052,110.940002441
1785164400,110.970001221,111.199996948,110.820800781,111.059997559
1785164700,111.079902649,111.410003662,110.75,110.915000916
1785165000,110.955001831,111.040000916,110.5,110.650001526
1785165300,110.698402405,111.25,110.61000061,111.074996948
1785165600,111.084999084,111.949996948,111.084999084,111.444999695
1785165900,111.444999695,111.809997559,111.220001221,111.694999695
1785166200,111.690002441,111.979499817,111.38999939,111.425003052
1785166500,111.459999084,111.540000916,110.75,111.540000916
1785166800,111.525001526,112.629898071,111.525001526,112.354103088
1785167100,112.370002747,112.400001526,110.830001831,110.930000305
1785167400,110.930000305,111.349998474,110.75,111.324996948
1785167700,111.324996948,111.660003662,111.150001526,111.510002136
1785168000,111.620002747,111.949996948,111.349998474,111.86000061
1785168300,111.909896851,112.040000916,111.720001221,111.919998169
1785168600,111.929298401,111.980003357,111.61000061,111.669998169
1785168900,111.680000305,111.769996643,111.419998169,111.559997559
1785169200,111.555000305,111.779998779,111.120002747,111.319999695
1785169500,111.319999695,112.059997559,111.304702759,111.88999939
1785169800,111.894996643,112.300003052,111.349998474,111.385002136
1785170100,111.419998169,111.480003357,111.050003052,111.120002747
1785170400,111.129997253,111.539001465,110.760002136,110.970100403
1785170700,110.970100403,111.25,110.760101318,110.794998169
1785171000,110.770103455,110.86000061,110.400001526,110.470001221
1785171300,110.459999084,110.499801636,110.120002747,110.230003357
1785171600,110.230003357,110.260002136,109.760002136,110.01499939
1785171900,110.010002136,110.150001526,109.870101929,109.980003357
1785172200,109.999900818,110.199996948,109.949996948,110.099998474
1785172500,110.080001831,110.190002441,109.870002747,109.980003357
1785172800,109.970001221,110.480003357,109.949996948,110.165000916
1785173100,110.154998779,110.199996948,109.910003662,109.959999084
1785173400,109.959999084,110.089897156,109.720001221,109.970001221
1785173700,109.940002441,110.419998169,109.900001526,110.194999695
1785174000,110.150001526,110.209999084,109.86000061,110.051696777
1785174300,110.050003052,110.180000305,109.86000061,110.040000916
1785174600,110,110.349998474,109.919998169,110.315002441
1785174900,110.290100098,110.650001526,110.250099182,110.526496887
1785175200,110.480003357,110.580001831,110.25050354,110.444999695
1785175500,110.444999695,110.629997253,110.349998474,110.474998474
1785175800,110.449996948,110.519996643,110.300003052,110.379997253
1785176100,110.385002136,110.86000061,110.385002136,110.760002136
1785176400,110.785003662,110.970001221,110.709999084,110.86000061
1785176700,110.875,111.339996338,110.875,111.148399353
1785177000,111.13999939,111.169998169,110.800003052,110.845001221
1785177300,110.834999084,111.089996338,110.760002136,110.870002747
1785177600,110.88999939,111.239997864,110.790000916,111.114997864
1785177900,111.129798889,111.167396545,110.910003662,110.959999084
1785178200,110.960098267,111.459999084,110.92099762,111.26499939
1785178500,111.26499939,111.779998779,111.26499939,111.760002136
1785178800,111.74030304,111.790000916,111.253196716,111.370002747
1785179100,111.349998474,111.639503479,111.330001831,111.449996948
1785179400,111.444999695,111.569999695,111.300003052,111.459999084
1785179700,111.478996277,111.720001221,111.430000305,111.519996643
1785180000,111.519996643,111.550003052,111.25,111.370002747
1785180300,111.370002747,111.849998474,111.190002441,111.830001831
1785180600,111.810096741,112.759902954,111.810096741,112.705001831
1785180900,112.720001221,112.940002441,112.300003052,112.550003052
1785181200,112.498100281,112.870002747,112.260002136,112.45010376
1785181500,112.459999084,112.809997559,112.370002747,112.699996948
1785181800,112.75,113.080001831,112.559997559,113.069999695
1785182100,113.069999695,113.830001831,113.065002441,113.650001526
1785245400,109.319999695,110.385101318,108.180000305,108.345001221
1785245700,108.339996338,108.629997253,107.330001831,107.370002747
1785246000,107.370002747,108.269996643,107.309997559,107.510002136
1785246300,107.480003357,107.629997253,107.010002136,107.550003052
1785246600,107.559997559,107.980003357,107.096603394,107.370002747
1785246900,107.400001526,107.569999695,107.029998779,107.324996948
1785247200,107.334999084,107.839996338,107.319999695,107.419998169
1785247500,107.425003052,108.650001526,107.370002747,108.580001831
1785247800,108.551002502,108.855003357,107.269996643,107.959999084
1785248100,107.959999084,109.529998779,107.959999084,109.300003052
1785248400,109.279998779,110.699996948,109.26499939,110.529403687
1785248700,110.519996643,110.589996338,109.900001526,110.474998474
1785249000,110.474998474,111.900001526,110.279998779,111.150001526
1785249300,111.129997253,112.650001526,110.949996948,111.805000305
1785249600,111.809997559,112.839897156,111.690002441,112.529998779
1785249900,112.546600342,114.819999695,112.349998474,114.699996948
1785250200,114.680000305,115.900001526,113.910003662,113.910003662
1785250500,113.919998169,114.370002747,113.120002747,113.230003357
1785250800,113.235298157,113.989997864,113.160102844,113.800003052
1785251100,113.830001831,114.379997253,113.370002747,114.084999084
1785251400,114.169998169,114.559898376,113.872596741,114.26499939
1785251700,114.279998779,114.980003357,114.111701965,114.970001221
1785252000,114.980003357,116.470001221,114.949996948,116.324996948
1785252300,116.339897156,117.489997864,116.287200928,117.345001221
1785252600,117.330001831,117.629898071,116.430000305,116.625
1785252900,116.625,116.738502502,115.900001526,115.980003357
1785253200,115.98500061,116,115.220001221,115.900001526
1785253500,115.919998169,116.199996948,114.86000061,114.879997253
1785253800,114.86000061,115.489997864,114.745002747,115.294998169
1785254100,115.330001831,116.480003357,115.260002136,116.330001831
1785254400,116.296096802,116.864997864,116.230003357,116.470001221
1785254700,116.459999084,116.459999084,115.150001526,115.23500061
1785255000,115.230003357,115.349899292,114.5,114.61000061
1785255300,114.629997253,115.459899902,114.5,115.400001526
1785255600,115.448699951,115.550003052,115.060699463,115.23400116
1785255900,115.224998474,115.559997559,115.224998474,115.504997253
1785256200,115.504997253,116.180000305,115.220001221,116.042396545
1785256500,116.055000305,116.339996338,115.650001526,116.275001526
1785256800,116.279998779,116.349998474,116,116.135498047
1785257100,116.129997253,116.230003357,115.519996643,115.544998169
1785257400,115.544998169,115.925003052,115.430000305,115.449996948
1785257700,115.470001221,115.75,115.279998779,115.599998474
1785258000,115.629997253,115.699996948,115.260002136,115.308799744
1785258300,115.330001831,115.489997864,115.129997253,115.205001831
1785258600,115.227996826,115.889602661,115.12159729,115.690002441
1785258900,115.690002441,115.879997253,115.339996338,115.589996338
1785259200,115.540000916,115.949996948,115.520103455,115.550102234
1785259500,115.550003052,116.150001526,115.5,115.824996948
1785259800,115.790000916,116,115,115.130203247
1785260100,115.144996643,115.449996948,114.949996948,115.425003052
1785260400,115.415000916,115.536003113,115.01499939,115.23500061
1785260700,115.258796692,115.739997864,115.059997559,115.730003357
1785261000,115.730003357,115.86000061,115.379997253,115.86000061
1785261300,115.809997559,115.989997864,115.480003357,115.970100403
1785261600,116,116.334999084,115.5,115.605003357
1785261900,115.614997864,115.879997253,115.510002136,115.839996338
1785262200,115.879997253,116.069999695,115.690002441,116.010002136
1785262500,116.019996643,116.75,115.999900818,116.275001526
1785262800,116.260002136,116.790000916,116.25,116.519897461
1785263100,116.54989624,116.75,116.269996643,116.300003052
1785263400,116.315002441,116.569999695,116.269996643,116.470199585
1785263700,116.529998779,116.760002136,115.919998169,115.919998169
1785264000,115.940002441,116.38999939,115.930000305,116.300003052
1785264300,116.309997559,116.596496582,116.231002808,116.434997559
1785264600,116.444999695,116.760002136,116.209999084,116.260002136
1785264900,116.279998779,116.709999084,116.160102844,116.650001526
1785265200,116.669998169,117.230003357,116.629997253,117.199996948
1785265500,117.230003357,118.129997253,117.090103149,117.949996948
1785265800,117.940002441,118.059997559,116.760002136,117.059997559
1785266100,117.040000916,117.11000061,116.290000916,116.749801636
1785266400,116.710098267,117.010002136,116.574996948,116.675003052
1785266700,116.665000916,117.289901733,116.440002441,117.254997253
1785267000,117.254997253,117.830001831,117.029998779,117.339996338
1785267300,117.309997559,117.429000854,115.809997559,116.230003357
1785267600,116.25,116.620002747,116.054702759,116.169998169
1785267900,116.150001526,116.430000305,115.940002441,116.410003662
1785268200,116.440002441,117.199996948,116.379997253,116.769996643
1785268500,116.769996643,116.849998474,116.175201416,116.489997864
1785331800,114.394996643,115.580001831,113.419998169,114.599998474
1785332100,114.550003052,115.709999084,113.870002747,114.377700806
1785332400,114.305702209,114.305702209,113.519996643,113.944999695
1785332700,113.930000305,114.120002747,113.430000305,113.879997253
1785333000,113.88999939,113.919998169,112.36000061,112.970001221
1785333300,112.900100708,113.230003357,112.110099792,113.11000061
1785333600,113.150001526,113.88999939,113.099998474,113.779998779
1785333900,113.805000305,114.300003052,113.529998779,114.040000916
1785334200,114.019996643,114.074996948,113.290000916,113.480003357
1785334500,113.599998474,114.519996643,113.599998474,113.800003052
1785334800,113.824996948,114.150001526,113.20010376,113.538200378
1785335100,113.519996643,113.620002747,112.910003662,113.349998474
1785335400,113.410003662,113.849998474,113.199996948,113.475898743
1785335700,113.5,113.593299866,113,113.26499939
1785336000,113.245002747,113.300003052,112.5,113.080101013
1785336300,113.13999939,113.449996948,112.989997864,113.209999084
1785336600,113.199996948,113.364997864,112.620002747,112.849998474
1785336900,112.839996338,113,112.254997253,112.709999084
1785337200,112.730003357,113.068199158,112.349998474,113.059997559
1785337500,113.065002441,113.190002441,112.839996338,113.099998474
1785337800,113.078300476,113.154998779,112.199996948,112.285003662
1785338100,112.285003662,112.499900818,111.86000061,111.875
1785338400,111.88999939,112.224998474,111.660003662,112.214996338
1785338700,112.25,112.38999939,112.050003052,112.169898987
1785339000,112.11000061,112.430000305,111.98500061,112.129997253
1785339300,112.13999939,112.38999939,111.830001831,111.830001831
1785339600,111.830001831,112.09929657,111.721000671,112.084999084
1785339900,112.080101013,112.180000305,111.919998169,112.054801941
1785340200,112.074996948,112.25,111.449996948,111.470497131
1785340500,111.470001221,111.970001221,111.040000916,111.838699341
1785340800,111.839996338,111.93800354,111.398300171,111.425003052
1785341100,111.410003662,111.730003357,111.300003052,111.63999939
1785341400,111.63999939,111.839996338,111.5,111.720001221
1785341700,111.714996338,111.714996338,111.420196533,111.599998474
1785342000,111.580001831,112.470001221,111.580001831,112.220001221
1785342300,112.205001831,112.779998779,112.184997559,112.699699402
1785342600,112.699996948,113.25,112.675003052,112.980003357
1785342900,113.004997253,113.849998474,112.809997559,113.625
1785343200,113.598197937,113.86000061,113.5,113.809997559
1785343500,113.791801453,114.7397995,113.699996948,114.70010376
1785343800,114.714996338,115.679901123,114.500801086,115.620002747
1785344100,115.620002747,117.129997253,115.559997559,116.330001831
1785344400,116.334999084,116.430000305,115.209999084,115.363998413
1785344700,115.410003662,116.080001831,115.339996338,116.055000305
1785345000,116.050003052,116.819999695,116.040000916,116.529998779
1785345300,116.519996643,116.73500061,116.300003052,116.309997559
1785345600,116.290000916,116.578201294,115.690002441,115.75
1785345900,115.769996643,115.939796448,115.400001526,115.441902161
1785346200,115.440002441,115.856498718,115.240196228,115.275001526
1785346500,115.275001526,115.61869812,115.095001221,115.559997559
1785346800,115.550003052,116.501602173,115.5,116.184997559
1785347100,116.220001221,116.690002441,116.019996643,116.605003357
1785347400,116.605003357,116.989997864,116.246398926,116.275001526
1785347700,116.26499939,116.699897766,116.184997559,116.480003357
1785348000,116.476799011,117.589996338,115.440002441,115.470001221
1785348300,115.470001221,116.319999695,115.114997864,115.88999939
1785348600,115.904998779,116.089996338,115.379997253,115.429496765
1785348900,115.459999084,115.650001526,114.510002136,114.720001221
1785349200,114.720001221,114.829902649,114.260002136,114.364997864
1785349500,114.378898621,114.955101013,114.199996948,114.654998779
1785349800,114.654998779,115.099998474,114.61000061,114.680000305
1785350100,114.680000305,115.143501282,114.010101318,115.084999084
1785350400,115.074996948,115.489997864,114.61000061,115.099998474
1785350700,115.108299255,115.150001526,114.61000061,115.019996643
1785351000,115.025001526,115.800003052,114.63999939,115.790000916
1785351300,115.76499939,115.870002747,115.320098877,115.801300049
1785351600,115.785003662,116.13999939,115.059997559,115.330001831
1785351900,115.30380249,115.479896545,114.559997559,114.730003357
1785352200,114.699996948,114.760002136,114.25,114.605003357
1785352500,114.620002747,114.800003052,113.569999695,113.732803345
1785352800,113.660102844,113.707099915,112.730102539,112.751602173
1785353100,112.745002747,112.949996948,112.160102844,112.760002136
1785353400,112.75,112.919998169,111.900001526,112.069999695
1785353700,112.059997559,112.11000061,111.370002747,111.379997253
1785354000,111.400001526,111.754997253,110.910003662,111.035003662
1785354300,111.050003052,111.239997864,110.419998169,110.489997864
1785354600,110.419998169,111.339996338,110.349998474,111.285003662
1785354900,111.285003662,112.650001526,111.230003357,112.589996338
1785418200,115.089996338,117.449996948,114.150001526,114.269996643
1785418500,114.210098267,115.328399658,114.180000305,114.449996948
1785418800,114.495002747,115.38999939,114.019996643,115.150001526
1785419100,115.169998169,118.169998169,115.169998169,118.144996643
1785419400,118.169998169,118.930000305,117.25,117.364997864
1785419700,117.364997864,117.86000061,116.730003357,117.249702454
1785420000,117.224998474,117.63999939,116.86000061,116.904998779
1785420300,116.910003662,117.154998779,116.120002747,116.599998474
1785420600,116.629898071,117.25,116.449996948,116.989997864
1785420900,116.995002747,117.419998169,116.510002136,117.010002136
1785421200,117.010002136,117.900001526,116.800003052,117.836601257
1785421500,117.831199646,117.949996948,117.040000916,117.930000305
1785421800,117.919998169,118.13999939,116.510002136,116.870002747
1785422100,116.809997559,116.849998474,115.500099182,115.75
1785422400,115.739997864,116.399902344,115.699996948,115.862098694
1785422700,115.86000061,116.150001526,115.430000305,115.754997253
1785423000,115.754997253,115.86000061,115.050003052,115.169998169
1785423300,115.199996948,115.549003601,114.760002136,115.440002441
1785423600,115.440002441,115.680000305,114.559997559,115.5
1785423900,115.519996643,115.650001526,115.209701538,115.480003357
1785424200,115.449996948,115.459999084,114.559997559,114.694999695
1785424500,114.699996948,114.910003662,114.440002441,114.699996948
1785424800,114.730003357,115.440002441,114.660003662,114.919998169
1785425100,114.919998169,115.099998474,114.260002136,114.300003052
1785425400,114.270103455,114.959999084,114.180000305,114.900001526
1785425700,114.919998169,115.039703369,114.61000061,114.980003357
1785426000,114.980102539,115.099998474,114.680000305,114.809997559
1785426300,114.839996338,115.169998169,114.708099365,115.050003052
1785426600,115.038696289,115.040000916,114.550003052,114.86000061
1785426900,114.925003052,115.199996948,114.400001526,114.440002441
1785427200,114.410003662,114.459999084,113.910003662,113.974998474
1785427500,114.004997253,114.180000305,113.430099487,113.61000061
1785427800,113.589996338,113.959503174,113.459999084,113.610397339
1785428100,113.633499146,113.943702698,113.51499939,113.839996338
1785428400,113.839996338,114.084999084,113.730003357,113.930000305
1785428700,113.919998169,114,113.449996948,113.599998474
1785429000,113.578598022,113.578598022,112.819999695,112.855003357
1785429300,112.855003357,113.150001526,112.779998779,112.953102112
1785429600,112.92440033,112.949897766,112.430000305,112.511100769
1785429900,112.520401001,112.559997559,111.61000061,111.669998169
1785430200,111.699996948,112.459999084,111.599998474,112.324996948
1785430500,112.324996948,112.449501038,111.830001831,111.980003357
1785430800,112.010002136,112.36000061,111.930000305,112.11000061
1785431100,112.050003052,112.849998474,112.041702271,112.779998779
1785431400,112.779998779,112.849998474,112.400001526,112.469902039
1785431700,112.444999695,112.959999084,112.370002747,112.940002441
1785432000,112.912498474,113.099998474,112.73500061,113.009902954
1785432300,113.089996338,113.089996338,112.530700684,112.749900818
1785432600,112.769996643,112.940002441,112.620002747,112.730102539
1785432900,112.730003357,113.150001526,112.680000305,112.770797729
1785433200,112.819999695,113.230003357,112.680099487,113.135002136
1785433500,113.159896851,113.279998779,112.900001526,113.019996643
1785433800,113,113.089996338,112.269996643,112.529998779
1785434100,112.510002136,112.540000916,112.040000916,112.169998169
1785434400,112.179901123,112.430000305,112.070098877,112.220001221
1785434700,112.205001831,112.449996948,112.15019989,112.285003662
1785435000,112.279998779,112.459999084,111.989997864,112.410003662
1785435300,112.400001526,112.489997864,112.121002197,112.209999084
1785435600,112.199996948,112.569999695,112.175796509,112.470001221
1785435900,112.484596252,112.489997864,112.160003662,112.230003357
1785436200,112.209999084,112.319999695,111.911399841,111.949798584
1785436500,111.925003052,111.949897766,111.350097656,111.629997253
1785436800,111.629997253,111.900001526,111.569999695,111.824996948
1785437100,111.839996338,112.179199219,111.832496643,112.120002747
1785437400,112.120002747,112.2397995,111.919998169,111.940002441
1785437700,111.946296692,112.120002747,111.900001526,112.019996643
1785438000,111.989997864,112.239997864,111.970001221,112.120002747
1785438300,112.114997864,112.169998169,111.779998779,111.780097961
1785438600,111.800003052,112.029998779,111.760002136,111.879997253
1785438900,111.889503479,112.279998779,111.760002136,111.989997864
1785439200,112,112.029998779,111.559997559,111.760002136
1785439500,111.779998779,112.100097656,111.707000732,111.930000305
1785439800,111.949203491,112.550003052,111.790000916,112.420097351
1785440100,112.440002441,112.459999084,111.910003662,112.070098877
1785440400,112.080001831,112.080001831,111.470001221,111.650001526
1785440700,111.635002136,112.019996643,111.620002747,111.870002747
1785441000,111.849998474,112.080001831,111.699996948,112.069999695
1785441300,112.059997559,112.510002136,111.86000061,112.269996643
1785504600,113.096000671,113.635002136,111.709999084,113.394996643
1785504900,113.370002747,113.540000916,110.879997253,111.04989624
1785505200,111.050003052,111.724998474,110.699996948,111.480003357
1785505500,111.550003052,112.087097168,110.801002502,111
1785505800,111,111.149902344,109.650001526,109.711502075
1785506100,109.800003052,110.459999084,109.120002747,109.130096436
1785506400,109.199996948,109.510002136,108.879997253,109.375
1785506700,109.36000061,109.400001526,108.059997559,108.199996948
1785507000,108.190002441,108.586502075,107.870002747,107.919998169
1785507300,107.959503174,108.989898682,107.830001831,108.833000183
1785507600,108.800003052,109.370002747,108.67590332,108.790000916
1785507900,108.790000916,109.730003357,108.76499939,109.654998779
1785508200,109.640098572,109.839996338,109.154998779,109.244003296
1785508500,109.199996948,109.650001526,109.13999939,109.38999939
1785508800,109.370002747,109.680000305,108.919998169,109.184997559
1785509100,109.209999084,110.105003357,109.099998474,110.069999695
1785509400,110.059997559,110.279998779,109.300003052,109.330001831
1785509700,109.315002441,109.574996948,109.029998779,109.455001831
1785510000,109.470001221,109.699897766,109.099998474,109.519996643
1785510300,109.535003662,109.849998474,109.370101929,109.48690033
1785510600,109.480003357,110.029403687,109.279998779,109.824996948
1785510900,109.830001831,110.242996216,109.36000061,109.489997864
1785511200,109.495002747,109.599998474,109.120002747,109.260002136
1785511500,109.269996643,109.379997253,108.519996643,108.730003357
1785511800,108.699996948,108.76499939,108.419998169,108.519996643
1785512100,108.569999695,109.379997253,108.519996643,108.999397278
1785512400,108.989997864,109.050003052,108.425003052,108.559997559
1785512700,108.559997559,108.620002747,108.180000305,108.415000916
1785513000,108.419998169,108.839996338,108.349998474,108.769996643
1785513300,108.75,108.940002441,108.540000916,108.769897461
1785513600,108.769996643,109.019996643,108.527297974,108.709999084
1785513900,108.696998596,108.834999084,108.370002747,108.720001221
1785514200,108.720001221,108.86000061,108.480003357,108.540000916
1785514500,108.550003052,108.620002747,108.339996338,108.580001831
1785514800,108.580001831,108.86000061,108.519996643,108.785003662
1785515100,108.769996643,108.809997559,108.550003052,108.800003052
1785515400,108.779998779,109.089996338,108.75,108.842796326
1785515700,108.864997864,108.949996948,108.61000061,108.769996643
1785516000,108.769996643,108.839996338,108.290100098,108.720001221
1785516300,108.690002441,108.999900818,108.61000061,108.809997559
1785516600,108.800003052,109.220001221,108.76499939,108.894996643
1785516900,108.88999939,109.029998779,108.809997559,108.839996338
1785517200,108.809997559,109.229896545,108.809997559,109.11000061
1785517500,109.123001099,109.239997864,108.940002441,109.080101013
1785517800,109.089996338,109.160003662,108.885002136,108.934997559
1785518100,108.934997559,109.135002136,108.830001831,108.940002441
1785518400,108.919998169,109.040000916,108.504997253,109.000099182
1785518700,109.010002136,109.019996643,108.840896606,108.944999695
1785519000,108.944999695,109.209999084,108.910003662,109.150001526
1785519300,109.168998718,109.319999695,108.880096436,108.921897888
1785519600,108.919998169,109.050003052,108.714996338,109.019996643
1785519900,109.019996643,109.11000061,108.730003357,108.919998169
1785520200,108.925003052,108.930000305,108.800003052,108.870002747
1785520500,108.875,108.949897766,108.769996643,108.879997253
1785520800,108.870002747,108.930000305,108.760002136,108.809898376
1785521100,108.787200928,108.870002747,108.63999939,108.720001221
1785521400,108.724998474,108.755996704,108.25,108.279998779
1785521700,108.275001526,108.359901428,108.209999084,108.269897461
1785522000,108.25050354,108.430000305,108.25,108.330001831
1785522300,108.332801819,108.335700989,108.010002136,108.069999695
1785522600,108.080001831,108.239402771,107.870002747,108.099998474
1785522900,108.099998474,108.190002441,107.949996948,108.129997253
1785523200,108.129997253,108.209999084,107.900100708,108.059997559
1785523500,108.050003052,108.309898376,107.970001221,108.120002747
1785523800,108.125,108.339996338,108.084396362,108.220001221
1785524100,108.209999084,108.220001221,107.570098877,107.959899902
1785524400,107.940002441,108.023696899,107.855003357,107.944999695
1785524700,107.940101624,108.010002136,107.779998779,107.915000916
1785525000,107.915000916,108.036598206,107.709999084,107.934501648
1785525300,107.934997559,108.349998474,107.930000305,108.195999146
1785525600,108.183502197,108.569999695,108.120903015,108.444999695
1785525900,108.440002441,108.440002441,108.080001831,108.11000061
1785526200,108.114997864,108.400001526,107.925003052,108.319999695
1785526500,108.309997559,108.370002747,107.930000305,108.040000916
1785526800,108.055000305,108.629997253,108.029998779,108.51499939
1785527100,108.529998779,108.930000305,108.290000916,108.904701233
1785527400,108.879997253,109.035003662,107.949996948,108.370002747
1785527700,108.330001831,108.489997864,107.730003357,108.430000305
1785763800,106.425003052,106.800003052,104.830001831,106.680000305
1785764100,106.599998474,107.989997864,106.550003052,107.410003662
1785764400,107.386299133,108.190002441,106.580001831,108.129997253
1785764700,108.099998474,108.720001221,107.519996643,108.379997253
1785765000,108.410003662,108.989997864,107.88999939,108.974998474
1785765300,108.960899353,110.220001221,108.900001526,109.550003052
1785765600,109.569999695,109.959999084,108.690002441,109.059997559
1785765900,109.029998779,110.199996948,108.900001526,109.757598877
1785766200,109.849899292,110.930000305,109.660003662,110.589996338
1785766500,110.595001221,111.38999939,110.160202026,111.205001831
1785766800,111.239997864,111.239997864,110.089996338,110.440002441
1785767100,110.444999695,110.769996643,109.699996948,110.769996643
1785767400,110.76499939,111.930000305,110.701400757,111.114997864
1785767700,111.13999939,111.75,111.095001221,111.339996338
1785768000,111.319999695,111.779998779,111.14099884,111.779998779
1785768300,111.779998779,112.699996948,111.709999084,111.915000916
1785768600,111.959503174,112.370002747,111.900100708,112.059997559
1785768900,112.059997559,112.183998108,111.629997253,112.055000305
1785769200,112.055000305,112.190002441,111.745002747,111.839996338
1785769500,111.834999084,111.930000305,111.13999939,111.370002747
1785769800,111.339996338,111.830001831,111.099998474,111.714996338
1785770100,111.714996338,112.260002136,111.589996338,111.925003052
1785770400,111.930000305,111.959899902,111.219100952,111.300003052
1785770700,111.300003052,111.425003052,110.551399231,110.569999695
1785771000,110.599998474,110.940002441,110.330001831,110.597396851
1785771300,110.599998474,111.099998474,110.540000916,111.099998474
1785771600,111.099998474,111.599998474,110.970100403,111.375
1785771900,111.419998169,111.809997559,111.330001831,111.51260376
1785772200,111.511802673,112.099998474,111.440002441,112.079902649
1785772500,112.050003052,112.069999695,111.199996948,111.459999084
1785772800,111.480003357,111.900001526,111.449996948,111.745002747
1785773100,111.709999084,111.748001099,110.919998169,110.920196533
1785773400,110.940002441,110.969596863,110.720001221,110.785003662
1785773700,110.809997559,111.13999939,110.650001526,111.11000061
1785774000,111.129997253,111.309997559,111.029998779,111.114997864
1785774300,111.138000488,111.419998169,111.120002747,111.199996948
1785774600,111.169998169,111.209999084,110.660003662,110.699996948
1785774900,110.680000305,110.949996948,110.36000061,110.425003052
1785775200,110.425003052,110.447799683,110.059997559,110.087997437
1785775500,110.114997864,110.129997253,109.800003052,109.939300537
1785775800,109.910003662,110.010002136,109.519996643,109.620002747
1785776100,109.680000305,109.815002441,109.330299377,109.400001526
1785776400,109.385597229,109.510002136,108.900001526,109.160003662
1785776700,109.154998779,109.599998474,108.989997864,109.580001831
1785777000,109.569999695,110.025001526,109.550003052,109.948799133
1785777300,109.959999084,110.38999939,109.919998169,110.050003052
1785777600,110.010002136,110.489997864,109.880096436,110.474998474
1785777900,110.474998474,110.569999695,110.120002747,110.459999084
1785778200,110.434997559,110.550003052,110.260002136,110.370002747
1785778500,110.379997253,110.589996338,110.330001831,110.510002136
1785778800,110.510002136,110.919998169,110.379997253,110.419998169
1785779100,110.459999084,110.845703125,110.36000061,110.660003662
1785779400,110.649803162,110.730003357,110.290000916,110.38999939
1785779700,110.404998779,110.510002136,110.279998779,110.410003662
1785780000,110.424598694,110.690002441,110.25,110.690002441
1785780300,110.674301147,111,110.650100708,110.949996948
1785780600,110.955001831,111,110.349998474,110.379997253
1785780900,110.38999939,110.464202881,109.824996948,109.930000305
1785781200,109.910003662,110.029998779,109.75,109.932998657
1785781500,109.930000305,110.029998779,109.605003357,109.930000305
1785781800,109.904998779,110.099998474,109.870002747,110
1785782100,110,110.099998474,109.959999084,109.970001221
1785782400,109.980003357,110.040000916,109.879997253,109.940002441
1785782700,109.940002441,110.050003052,109.675003052,109.894996643
1785783000,109.870101929,110.069999695,109.559997559,109.830001831
1785783300,109.830001831,110.080001831,109.739997864,110.029899597
1785783600,110.019996643,110.599998474,110,110.419998169
1785783900,110.434997559,110.5,110.199996948,110.410003662
1785784200,110.419998169,110.63999939,110.300003052,110.319999695
1785784500,110.300003052,110.480003357,110.120498657,110.216697693
1785784800,110.209999084,110.230003357,109.900001526,110.069999695
1785785100,110.065002441,110.199996948,110.029998779,110.13999939
1785785400,110.120002747,110.400001526,110.120002747,110.309997559
1785785700,110.330001831,110.63999939,110.300003052,110.415000916
1785786000,110.415000916,111,110.029998779,110.949996948
1785786300,110.949996948,111.839897156,110.870002747,111.665000916
1785786600,111.660003662,113.370002747,111.519996643,113.355003357
1785786900,113.36000061,114.910003662,113.150001526,114.440002441
1785850200,117.330001831,119.980003357,117.004997253,119.699996948
1785850500,119.684997559,121.849998474,119.440002441,119.980003357
1785850800,119.919998169,119.949996948,118.420097351,118.620002747
1785851100,118.620002747,118.861701965,116.099998474,116.839996338
1785851400,116.855003357,117.300003052,116.349998474,117.239997864
1785851700,117.25,117.339996338,115.720001221,116.379997253
1785852000,116.410003662,117.879997253,116.180397034,117.425003052
1785852300,117.444999695,118.13999939,117.420097351,117.735198975
1785852600,117.705001831,118.044998169,117.400001526,117.815002441
1785852900,117.809997559,118.089897156,116.930000305,117.199996948
1785853200,117.199996948,117.199996948,116.569999695,117.074996948
1785853500,117.050598145,118.5,117.050598145,118.449996948
1785853800,118.461097717,118.649902344,118.129997253,118.518798828
1785854100,118.449996948,118.739997864,118.120002747,118.559997559
1785854400,118.559997559,119.25,118.349998474,118.959503174
1785854700,118.970001221,119.63999939,118.900001526,119.279502869
1785855000,119.279998779,119.650001526,118.940002441,119.623596191
1785855300,119.614997864,119.660003662,118.552001953,119.206199646
1785855600,119.269996643,119.650001526,118.540000916,119.363700867
1785855900,119.379997253,119.650001526,119.169998169,119.48500061
1785856200,119.470001221,119.489997864,118.870002747,118.870002747
1785856500,118.870002747,118.940002441,118.5,118.909896851
1785856800,118.88999939,119.175003052,118.794998169,118.930000305
1785857100,118.915000916,118.970001221,118.525299072,118.82460022
1785857400,118.809997559,119.269996643,118.809997559,119.099998474
1785857700,119.105003357,119.300003052,118.629997253,119.220001221
1785858000,119.249900818,119.330001831,119.080001831,119.214996338
1785858300,119.209999084,120.209999084,119.199996948,119.927200317
1785858600,119.930000305,119.989997864,119.519996643,119.63999939
1785858900,119.669998169,119.779998779,119.410003662,119.620002747
1785859200,119.649902344,120.029998779,119.559997559,119.748298645
1785859500,119.75,120.199996948,119.699996948,119.879997253
1785859800,119.900001526,120.589897156,119.839996338,120.525001526
1785860100,120.519996643,121.25,120.290000916,121.241401672
1785860400,121.25,122.25,121.220001221,121.739997864
1785860700,121.73500061,121.88999939,120.769996643,120.934997559
1785861000,120.900001526,121.809997559,120.599998474,121.550003052
1785861300,121.550003052,121.699996948,121.050003052,121.165000916
1785861600,121.165000916,121.388999939,120.919998169,121.309997559
1785861900,121.279403687,121.660003662,121.169998169,121.650001526
1785862200,121.650001526,121.75,121.269996643,121.355003357
1785862500,121.349998474,121.599998474,121.230003357,121.589996338
1785862800,121.570503235,121.879997253,121.13999939,121.290000916
1785863100,121.349998474,121.959999084,121.280097961,121.790000916
1785863400,121.769996643,122.699996948,121.75,122.5
1785863700,122.510002136,122.739997864,122.199996948,122.230003357
1785864000,122.260002136,122.730003357,122.010002136,122.568000793
1785864300,122.580001831,123.099998474,122.580001831,122.949996948
1785864600,122.980003357,123.739997864,122.839996338,123.711997986
1785864900,123.739997864,124.199897766,123.527000427,123.737998962
1785865200,123.739997864,124.059997559,123.489997864,123.879997253
1785865500,123.893203735,124.11000061,123.440002441,123.540000916
1785865800,123.5,123.540000916,122.449996948,123.059997559
1785866100,123.059997559,125.349998474,122.930000305,125.035003662
1785866400,125.044998169,125.269996643,123.800003052,123.839996338
1785866700,123.86000061,124.499900818,123.36000061,123.430000305
1785867000,123.400001526,124.099998474,122.779998779,123.870002747
1785867300,123.855003357,124.174102783,123.769996643,123.949996948
1785867600,123.959999084,124.089996338,123.559997559,123.559997559
1785867900,123.556900024,124.239997864,123.370002747,123.650001526
1785868200,123.650001526,124.680000305,123.529998779,124.260002136
1785868500,124.26499939,124.550003052,123.849998474,124.51499939
1785868800,124.510002136,124.589897156,124.260002136,124.464996338
1785869100,124.464996338,125.120002747,124.464996338,124.824996948
1785869400,124.769996643,125.040000916,124.480003357,124.839996338
1785869700,124.819999695,125.540000916,124.660003662,125.419998169
1785870000,125.425003052,126.069999695,125.380096436,125.830001831
1785870300,125.839996338,125.970001221,125.269996643,125.839996338
1785870600,125.849998474,126.580001831,125.70010376,126.063400269
1785870900,126.055000305,126.709999084,125.819999695,126.059997559
1785871200,126.050003052,126.059997559,124.540100098,124.805000305
1785871500,124.779998779,124.88999939,123.88999939,124.25
1785871800,124.25,125.144996643,124,124.839996338
1785872100,124.879997253,125.660003662,124.460502625,124.714996338
1785872400,124.705001831,124.86000061,124.300003052,124.684997559
1785872700,124.709999084,124.879997253,121.319999695,121.779998779
1785873000,121.809997559,123.729896545,121.180000305,123.440002441
1785873300,123.419998169,126.169998169,123.300003052,125.98500061
1785936600,112.370002747,113.690002441,109.209999084,109.860198975
1785936900,109.831001282,113.86000061,109.635002136,113.330001831
1785937200,113.330001831,114.379898071,112.120002747,112.5102005
1785937500,112.440002441,112.949996948,111.819999695,112.449996948
1785937800,112.449996948,113.089996338,111.290000916,112.995002747
1785938100,112.949996948,115.279998779,112.61000061,113.199996948
1785938400,113.180000305,114.599998474,112.5,114.278999329
1785938700,114.300003052,115.88999939,114.254997253,115.800003052
1785939000,115.794998169,115.849998474,114.120002747,114.885002136
1785939300,114.850097656,115.429901123,113.720001221,114.25
1785939600,114.239997864,115.396400452,113.569999695,114.910003662
1785939900,114.948600769,116.629997253,114.690002441,116.410102844
1785940200,116.410003662,116.444000244,114.38999939,115.88999939
1785940500,115.900001526,115.989997864,114.620002747,114.714996338
1785940800,114.714996338,115.419998169,113.810096741,114.000099182
1785941100,114.099998474,114.849998474,113.730003357,114.580001831
1785941400,114.599998474,114.88999939,114.150100708,114.565002441
1785941700,114.565002441,115.370002747,114.440002441,114.959999084
1785942000,114.959999084,115.599998474,114.885002136,115.275001526
1785942300,115.275001526,115.839996338,114.980003357,115.349899292
1785942600,115.349899292,115.839996338,115,115.059997559
1785942900,115.029998779,115.61000061,114.739997864,115.400001526
1785943200,115.399002075,117.400001526,115.38999939,116.995002747
1785943500,117,117.5,116.629997253,117.220001221
1785943800,117.220001221,117.400001526,115.680000305,115.785697937
1785944100,115.795501709,116.150001526,115.349998474,115.5
1785944400,115.499900818,115.580001831,114.879997253,114.998802185
1785944700,114.98500061,115.169998169,114.245002747,114.894996643
1785945000,114.900001526,115.069999695,114.444999695,114.842002869
1785945300,114.849998474,114.879997253,114.099998474,114.330001831
1785945600,114.319999695,115.430000305,114.25,115.175003052
1785945900,115.190002441,115.330001831,114.529998779,114.629997253
1785946200,114.63999939,114.86000061,114.26499939,114.400001526
1785946500,114.419898987,114.800003052,114.199996948,114.658203125
1785946800,114.659896851,115.5,114.630096436,115.330001831
1785947100,115.330001831,115.849998474,115.323196411,115.809997559
1785947400,115.837997437,116.099998474,115.400100708,116.074996948
1785947700,116.099998474,116.36000061,115.800003052,116.25
1785948000,116.25,116.599998474,115.550003052,115.550003052
1785948300,115.519996643,115.745002747,115.279998779,115.319801331
1785948600,115.32219696,115.489601135,115.199996948,115.224998474
1785948900,115.224998474,115.28150177,114.760002136,114.934997559
1785949200,114.925003052,115,114.080001831,114.13999939
1785949500,114.140098572,114.190002441,112.550003052,112.586997986
1785949800,112.595001221,112.870002747,112.099998474,112.644996643
1785950100,112.666999817,112.830001831,112.260002136,112.614997864
1785950400,112.620002747,112.620002747,111.830001831,112.029998779
1785950700,112.025001526,112.099998474,111.699996948,111.824996948
1785951000,111.820098877,111.979896545,110.900001526,111.708099365
1785951300,111.699996948,112.300003052,111.699996948,111.949996948
1785951600,111.939903259,112.459999084,111.820098877,111.870002747
1785951900,111.869598389,111.879898071,111.550003052,111.797897339
1785952200,111.800003052,111.949996948,111.510002136,111.535003662
1785952500,111.529998779,111.529998779,111.029998779,111.044998169
1785952800,111.050003052,111.080001831,110.309997559,110.419998169
1785953100,110.410102844,110.75,110.370002747,110.470001221
1785953400,110.480003357,110.619903564,110.25,110.440101624
1785953700,110.440101624,110.440101624,110.129997253,110.175003052
1785954000,110.180000305,110.290000916,109.699996948,109.86000061
1785954300,109.86000061,109.940002441,109.339996338,109.790000916
1785954600,109.76499939,110.010002136,109.069999695,109.224998474
1785954900,109.230003357,109.400001526,108.879997253,108.979896545
1785955200,108.974998474,109.34980011,108.88999939,109.11000061
1785955500,109.125,109.550003052,109.089996338,109.100502014
1785955800,109.105003357,109.349998474,108.800003052,108.875
1785956100,108.875,108.900001526,108.11000061,108.379997253
1785956400,108.372398376,109.179901123,108.269996643,109.019996643
1785956700,109.040000916,109.370002747,108.690002441,109.019996643
1785957000,109.01499939,109.400001526,109,109.339897156
1785957300,109.370002747,109.800003052,109.330001831,109.410003662
1785957600,109.404296875,110.269996643,109.220001221,110.164001465
1785957900,110.169998169,110.25,109.209999084,109.214996338
1785958200,109.220001221,109.669998169,108.760002136,109.510002136
1785958500,109.504997253,110.279998779,109.464996338,109.789299011
1785958800,109.785003662,110.069999695,109.209999084,109.224998474
1785959100,109.224998474,109.239997864,108.660003662,108.98500061
1785959400,108.98500061,110.13999939,108.559997559,108.775001526
1785959700,108.76499939,109,107.809997559,108.285003662
1786023000,107.084999084,109.38999939,105.11000061,109.125
1786023300,109.117500305,110.970001221,108.61000061,108.800102234
1786023600,108.800102234,109.88999939,108.800003052,109.23500061
1786023900,109.23500061,110.190002441,108.600097656,108.819999695
1786024200,108.834899902,110.199996948,108.819999695,109.209999084
1786024500,109.169898987,109.86000061,108.860496521,109.800003052
1786024800,109.839996338,110.739898682,109.129997253,109.720703125
1786025100,109.800003052,110.849998474,109.5,110.099998474
1786025400,110.099998474,111.050003052,109.694999695,110.089996338
1786025700,110.099998474,112.459999084,110,112.429298401
1786026000,112.430000305,115.669998169,112.190002441,115.379898071
1786026300,115.360099792,115.75,113.279998779,113.48210144
1786026600,113.499900818,115.059997559,112.919998169,114.540000916
1786026900,114.540000916,114.75,112.430000305,112.809997559
1786027200,112.781997681,113,112.129997253,112.254997253
1786027500,112.260002136,112.5,110.5,110.519996643
1786027800,110.510002136,111.489898682,110.26499939,110.38999939
1786028100,110.370002747,111.190002441,110.160003662,110.669998169
1786028400,110.660003662,111.400001526,110.660003662,111.099998474
1786028700,111.097396851,111.61000061,110.773498535,111.339996338
1786029000,111.319999695,111.36000061,110.309997559,110.385002136
1786029300,110.379997253,110.989997864,110.300003052,110.822097778
1786029600,110.839996338,111.419998169,110.709999084,110.779899597
1786029900,110.769996643,111.88999939,110.699996948,111.782699585
1786030200,111.800003052,112.5,110,110.069000244
1786030500,110.056900024,110.349998474,109.569999695,109.749900818
1786030800,109.75,110.330001831,109.650001526,110.150001526
1786031100,110.116203308,111.470001221,110.029998779,110.980003357
1786031400,111.019996643,111.36000061,110.460098267,110.800003052
1786031700,110.800003052,111.550003052,110.599998474,111.05380249
1786032000,111.059997559,111.109901428,109.769996643,110.053497314
1786032300,110.059997559,110.149902344,109.180000305,109.625
1786032600,109.625,109.829902649,108.5,109.169898987
1786032900,109.125,109.769996643,109.029998779,109.565002441
1786033200,109.529998779,109.620002747,108.402496338,109.245002747
1786033500,109.273597717,109.589996338,108.849998474,109.319702148
1786033800,109.319900513,110.129997253,108.919998169,109.010002136
1786034100,109,109.959999084,108.790000916,109.580001831
1786034400,109.620002747,109.919998169,109.051002502,109.625
1786034700,109.63999939,109.779998779,109.449996948,109.739997864
1786035000,109.749000549,109.940002441,109.5,109.900100708
1786035300,109.900001526,110.629997253,109.5,110.610900879
1786035600,110.61139679,110.809997559,109.800003052,109.940002441
1786035900,109.949996948,110.189903259,109.839996338,110.068099976
1786036200,110.069999695,111.760002136,110.050102234,111.705001831
1786036500,111.705001831,111.930000305,110.400001526,110.614997864
1786036800,110.64099884,110.775001526,110.161003113,110.419403076
1786037100,110.419898987,110.839897156,110.38999939,110.605003357
1786037400,110.619003296,111.01499939,110.560096741,110.91960144
1786037700,110.919998169,111.279998779,110.599998474,110.629699707
1786038000,110.625,110.735702515,110.069999695,110.404197693
1786038300,110.419998169,110.779998779,110.400001526,110.650001526
1786038600,110.639701843,110.980003357,110.584999084,110.790000916
1786038900,110.790000916,110.809997559,110.099998474,110.159896851
1786039200,110.160003662,110.599998474,110.069999695,110.379997253
1786039500,110.379997253,110.572998047,110,110.350097656
1786039800,110.370002747,110.419998169,109.349998474,109.5
1786040100,109.504096985,109.959999084,109.440002441,109.824996948
1786040400,109.819999695,110.300003052,109.769996643,110.11000061
1786040700,110.114997864,110.349998474,110,110.105003357
1786041000,110.105003357,111.980003357,109.830001831,110.010002136
1786041300,110.010002136,110.099998474,109.862503052,110.059997559
1786041600,110.055000305,110.099197388,109.839996338,110
1786041900,109.990097046,110.120002747,109.809997559,109.850097656
1786042200,109.86000061,110.199996948,109.830001831,110.166297913
1786042500,110.160499573,110.569999695,110.059997559,110.160003662
1786042800,110.160003662,110.5,110.13999939,110.239997864
1786043100,110.239997864,110.800003052,110.230003357,110.739997864
1786043400,110.73500061,111.370002747,110.730003357,111.25
1786043700,111.269996643,111.319999695,110.871002197,111.278999329
1786044000,111.276496887,111.459999084,110.919998169,111.009902954
1786044300,111.010002136,111.75,110.400001526,110.930000305
1786044600,110.88999939,112.25,110.879997253,112.25
1786044900,112.25,112.909896851,112.040000916,112.830001831
1786045200,112.824996948,113.029998779,112.114601135,112.940002441
1786045500,112.948997498,113.620002747,112.650001526,112.925003052
1786045800,112.919998169,113.949996948,112.5,113.819999695
1786046100,113.839996338,114.919998169,113.199996948,114.910499573
1786109400,114.964996338,119.129997253,114.559997559,119.040000916
1786109700,118.919998169,120.699996948,117.699996948,119.779998779
1786110000,119.769996643,120.339996338,118.800003052,120.209999084
1786110300,120.230003357,120.839996338,118.656997681,120.440002441
1786110600,120.434303284,121.330001831,120,120.819999695
1786110900,120.839996338,121.36000061,118.930000305,120.500099182
1786111200,120.529998779,121.489997864,120.080001831,121.224998474
1786111500,121.232002258,123.029998779,121.010002136,122.891197205
1786111800,122.900001526,124.470001221,122.230003357,123.660003662
1786112100,123.660003662,125.550003052,123.169998169,124.849998474
1786112400,124.849998474,125.720001221,124.180000305,124.629997253
1786112700,124.650001526,128.160003662,124.430000305,127.915000916
1786113000,127.915000916,127.989997864,125.239997864,125.510002136
1786113300,125.510002136,127.449996948,125.300003052,127.120002747
1786113600,127.120002747,128.25,126.599998474,128.070007324
1786113900,128.016693115,128.190002441,126.970001221,127.620002747
1786114200,127.634002686,128.619995117,126.800003052,126.800003052
1786114500,126.822601318,127.75,125.5,126.525001526
1786114800,126.540000916,127.459999084,125.300003052,125.38999939
1786115100,125.394996643,125.580001831,124.730003357,125.319999695
1786115400,125.318000793,126.379997253,124.550003052,126.151496887
1786115700,126.189903259,126.279899597,125,125.473999023
1786116000,125.404998779,126.470001221,125.099998474,126.379997253
1786116300,126.393302917,127.555000305,126.220001221,127.080101013
1786116600,127.089996338,127.559997559,126.61000061,127.240501404
1786116900,127.281799316,128.979995728,127.099998474,128.830001831
1786117200,128.820007324,129.080001831,128.38999939,128.770004272
1786117500,128.710006714,129.649993896,128.13999939,129.570007324
1786117800,129.589996338,129.869995117,128.75,129.13999939
1786118100,129.115005493,129.679992676,128.740005493,129.654998779
1786118400,129.654998779,129.919998169,128.830001831,128.970001221
1786118700,128.949996948,129.865005493,128.800003052,129.619995117
1786119000,129.619995117,130.279998779,129.419998169,130.105194092
1786119300,130.076797485,130.960006714,130.059997559,130.669998169
1786119600,130.669998169,130.86000061,129.070007324,129.13999939
1786119900,129.13999939,129.140106201,127.673103333,128.850006104
1786120200,128.884994507,129.559997559,128.45010376,129.520004272
1786120500,129.539993286,129.990005493,129.211807251,129.5
1786120800,129.5,130.160003662,129.300003052,129.845001221
1786121100,129.838500977,130.100006104,129.369995117,129.695007324
1786121400,129.695007324,130.050003052,128.820007324,128.970001221
1786121700,128.949996948,129.498703003,128.880004883,129.300003052
1786122000,129.300003052,129.834793091,129.070007324,129.529998779
1786122300,129.559997559,129.740005493,129.129104614,129.389892578
1786122600,129.36000061,129.479995728,128.410003662,128.854995728
1786122900,128.887893677,129.399993896,128.729995728,129.074996948
1786123200,129.080993652,129.339904785,128.919998169,129.080001831
1786123500,129.089996338,129.199996948,128.350006104,128.350006104
1786123800,128.384994507,128.619995117,128.039993286,128.25
1786124100,128.255004883,128.520004272,128.144104004,128.470001221
1786124400,128.470001221,128.710006714,127.800003052,127.840103149
1786124700,127.841003418,128.080001831,127.611000061,127.98500061
1786125000,127.98500061,128.270004272,127.949996948,128.115005493
1786125300,128.125,128.179992676,127.669998169,127.870002747
1786125600,127.870002747,129.266296387,127.793502808,128.539901733
1786125900,128.509994507,128.779998779,128.25,128.479995728
1786126200,128.509994507,128.770004272,128.052307129,128.229995728
1786126500,128.240005493,128.740005493,128.149993896,128.729003906
1786126800,128.728500366,128.880004883,128.5,128.770004272
1786127100,128.809997559,128.919998169,128.279998779,128.625
1786127400,128.589996338,128.899993896,128.5,128.830001831
1786127700,128.839996338,129.29989624,128.5,129.074996948
1786128000,129.080001831,129.570007324,128.839996338,129.399993896
1786128300,129.460006714,129.600006104,129.179992676,129.429992676
1786128600,129.449996948,129.5,129.149993896,129.42010498
1786128900,129.449996948,129.490005493,129.199996948,129.330001831
1786129200,129.300003052,129.779998779,129.259994507,129.720001221
1786129500,129.710006714,130.13999939,129.570007324,129.880004883
1786129800,129.86000061,130.300003052,129.61000061,130.149993896
1786130100,130.169998169,130.839996338,130.080001831,130.400100708
1786130400,130.380004883,131.649993896,130.369995117,131.550003052
1786130700,131.550003052,131.559997559,130.695495605,131.220001221
1786131000,131.225997925,131.899993896,130.710006714,131.219497681
1786131300,131.218505859,131.279998779,130.350006104,131
1786131600,131.01449585,131.669998169,131,131.325195312
1786131900,131.320007324,131.649993896,130.899993896,131.38999939
1786132200,131.38999939,132.020004272,131.300003052,131.850006104
1786132500,131.910003662,133.449996948,130.830001831,133.101303101
1786368600,134.964996338,135.539993286,132.179992676,132.73890686
1786368900,132.699996948,135.160003662,131.649993896,132.770004272
1786369200,132.75,134.850006104,132.210006714,134.250106812
1786369500,134.300003052,134.850006104,133.619995117,133.848602295
1786369800,133.794998169,133.839996338,131.111999512,131.750701904
1786370100,131.820007324,132.960006714,131.300003052,131.759994507
1786370400,131.759994507,132.929992676,131.720001221,132.490005493
1786370700,132.453994751,133.470001221,132.260101318,132.499298096
1786371000,132.483901978,132.830001831,131.929992676,132.435195923
1786371300,132.459899902,134.509994507,132.240005493,134.289993286
1786371600,134.289993286,134.850006104,133.850006104,134.119995117
1786371900,134.13999939,135.429992676,133.850006104,134.679992676
1786372200,134.720001221,135.82989502,133.642700195,135.440002441
1786372500,135.434997559,136.279998779,134.809997559,135.290603638
1786372800,135.289993286,135.559997559,134.75,135.050094604
1786373100,135.130004883,136.240005493,135.130004883,135.520004272
1786373400,135.524993896,135.719894409,134.770004272,135.050003052
1786373700,135.050003052,135.800003052,134.800003052,135.220001221
1786374000,135.25,136.740005493,134.929992676,136.587905884
1786374300,136.630004883,136.839996338,135.88999939,136.175003052
1786374600,136.11000061,136.270004272,132.759994507,133.880004883
1786374900,133.899993896,134.039993286,131.679992676,131.75
1786375200,131.789993286,132.449996948,130.520004272,130.940002441
1786375500,130.945007324,131.589996338,130.25,131.369995117
1786375800,131.369995117,131.979995728,131.169998169,131.225006104
1786376100,131.210006714,132.440002441,131.044296265,132.149993896
1786376400,132.11000061,132.479995728,131.770004272,132.274993896
1786376700,132.270004272,132.949996948,132.259994507,132.679992676
1786377000,132.718994141,133.119995117,132.61000061,132.839996338
1786377300,132.832595825,133.080001831,132.61000061,133.059997559
1786377600,133.054992676,133.270004272,132.75,132.960006714
1786377900,132.966003418,133.320007324,132.479995728,132.559997559
1786378200,132.55140686,132.600006104,131.339996338,131.425003052
1786378500,131.399993896,131.990005493,130.949996948,131.054992676
1786378800,131.054992676,131.88999939,130.940002441,131.36000061
1786379100,131.365005493,131.75,130.169998169,131.580001831
1786379400,131.574996948,131.639892578,130.25,130.835006714
1786379700,130.86000061,132.220001221,130.755004883,132.199996948
1786380000,132.220001221,132.380004883,131.619995117,131.869995117
1786380300,131.875,132.600006104,131.419998169,132.54649353
1786380600,132.544998169,132.880004883,132.369995117,132.789993286
1786380900,132.800003052,133.059997559,132.630004883,132.985794067
1786381200,132.990005493,133,132.660003662,132.830001831
1786381500,132.850006104,133.009994507,132.5,132.970001221
1786381800,132.990005493,133.070007324,132.809997559,132.990005493
1786382100,132.979995728,133.179992676,132.75,132.82749939
1786382400,132.835006714,132.910003662,132.509994507,132.884994507
1786382700,132.874099731,132.970001221,132.199996948,132.529998779
1786383000,132.539993286,132.889007568,132.449996948,132.615005493
1786383300,132.589996338,132.669998169,132.259994507,132.580001831
1786383600,132.589996338,132.740005493,132.339996338,132.56010437
1786383900,132.579406738,132.850006104,132.36000061,132.839996338
1786384200,132.854705811,132.979995728,132.690002441,132.929992676
1786384500,132.919998169,132.959106445,132.61000061,132.88999939
1786384800,132.88999939,133.059997559,132.75,132.945007324
1786385100,132.945007324,133.220001221,132.88999939,132.970001221
1786385400,132.960006714,133,132.289993286,132.320007324
1786385700,132.315002441,132.659896851,131.570007324,132.051300049
1786386000,132.039993286,132.369003296,131.720001221,132.249893188
1786386300,132.229995728,132.380004883,132.080505371,132.214996338
1786386600,132.214996338,132.949905396,132.179992676,132.845001221
1786386900,132.869995117,133.020004272,132.710006714,132.934997559
1786387200,132.940002441,133,132.714996338,132.850006104
1786387500,132.861495972,133,132.75,132.929992676
1786387800,132.960006714,133.13999939,132.720001221,133.104995728
1786388100,133.104995728,133.569900513,132.910003662,133.149993896
1786388400,133.13999939,134.080001831,132.75,132.842193604
1786388700,132.899993896,133.160003662,132.5,133.149993896
1786389000,133.154998779,133.36000061,132.990005493,133.255004883
1786389300,133.255004883,134.38999939,133.240005493,134.240005493
1786389600,134.259994507,135.179992676,134.13999939,135.090103149
1786389900,135.105697632,135.5,134.800003052,135.460006714
1786390200,135.5,136.240005493,135.259994507,136.149993896
1786390500,136.13999939,138.169998169,135.912002563,137.600006104
1786390800,137.619995117,138.11000061,136.669998169,137.220001221
1786391100,137.220504761,138.080001831,137.220504761,137.919998169
1786391400,137.969894409,138.509994507,137.770004272,138.419998169
1786391700,138.470001221,139.240005493,137.570007324,138.679992676
1786455000,138.645004272,139.979995728,136.860992432,136.88949585
1786455300,136.949996948,136.990005493,133.259994507,133.789993286
1786455600,133.835006714,135.379898071,133.809997559,135.059997559
1786455900,135,135.729995728,134.850006104,134.899993896
1786456200,134.880004883,135.25,134.419998169,134.660003662
1786456500,134.630004883,135.979995728,134.229995728,135.789993286
1786456800,135.820007324,136.440002441,135.475006104,136.309997559
1786457100,136.220001221,136.820007324,136.050003052,136.630004883
1786457400,136.664993286,137.470001221,136.460006714,136.630004883
1786457700,136.621002197,137.179992676,136.009994507,136.779998779
1786458000,136.839904785,137.36000061,136.13999939,136.31010437
1786458300,136.350006104,136.850006104,135.369995117,135.725006104
1786458600,135.725006104,135.869995117,134.050003052,135.080001831
1786458900,135.085006714,135.134796143,133.5,134.2059021
1786459200,134.244995117,134.419998169,133.800003052,134.095001221
1786459500,134.090103149,134.630004883,134.050094604,134.289993286
1786459800,134.320007324,134.770004272,134.100097656,134.699996948
1786460100,134.699996948,134.880004883,134.300003052,134.570007324
1786460400,134.570007324,134.970001221,134.309997559,134.834396362
1786460700,134.850006104,134.869995117,134.070007324,134.179992676
1786461000,134.149993896,134.729995728,134.039993286,134.559997559
1786461300,134.570007324,134.630004883,134.300003052,134.414993286
1786461600,134.399993896,134.570007324,133.910003662,134.530105591
1786461900,134.544998169,135,134.5,134.75
1786462200,134.720001221,135.369995117,134.5572052,134.705001831
1786462500,134.710006714,134.919998169,134.25,134.380004883
1786462800,134.36000061,134.690002441,134.259994507,134.630004883
1786463100,134.630004883,135.029907227,134.580001831,134.949996948
1786463400,134.940002441,135.149993896,134.729995728,134.813796997
1786463700,134.794998169,135.009994507,134.649993896,134.884994507
1786464000,134.910003662,135.210006714,132.649993896,132.990005493
1786464300,132.990005493,133.740005493,132.88999939,133.630004883
1786464600,133.63999939,133.729995728,132.960006714,133.059494019
1786464900,133.020004272,133.059906006,131.669998169,131.929992676
1786465200,131.949996948,132.119995117,131.619995117,131.835006714
1786465500,131.86000061,132.149902344,131.399993896,131.870498657
1786465800,131.88999939,132.020004272,131.330001831,131.532592773
1786466100,131.559997559,132.369995117,131.460006714,131.925003052
1786466400,131.949996948,132.190002441,131.75,132.080001831
1786466700,132.050003052,132.38999939,131.770004272,132.300003052
1786467000,132.322494507,132.570007324,132.149993896,132.2315979
1786467300,132.279998779,132.359893799,131.960006714,132.180099487
1786467600,132.210006714,132.359893799,131.460006714,131.699996948
1786467900,131.697494507,131.949493408,131.675003052,131.859893799
1786468200,131.839996338,132.25,131.690002441,131.86000061
1786468500,131.86000061,132.479995728,131.779998779,132.330001831
1786468800,132.330001831,132.740005493,132.199996948,132.455001831
1786469100,132.460006714,132.659896851,132.059997559,132.145004272
1786469400,132.160003662,132.669998169,132.11000061,132.570007324
1786469700,132.580001831,132.884994507,132.190002441,132.25
1786470000,132.25,132.559997559,132.225006104,132.369995117
1786470300,132.380004883,132.404998779,131.440002441,131.441192627
1786470600,131.460006714,131.759994507,131.259994507,131.260101318
1786470900,131.259994507,131.330001831,130.5,130.690505981
1786471200,130.679992676,131.320007324,130.679992676,131.259994507
1786471500,131.23260498,131.550003052,131.199996948,131.449996948
1786471800,131.479995728,131.490005493,130.786102295,130.794998169
1786472100,130.779998779,131.539993286,130.660003662,131.429992676
1786472400,131.434997559,131.600006104,131.070007324,131.48500061
1786472700,131.470001221,131.740005493,131.160003662,131.304992676
1786473000,131.290100098,131.580001831,131.06010437,131.169998169
1786473300,131.169906616,131.369995117,130.839996338,131.050003052
1786473600,131.044998169,131.380004883,131.029998779,131.120101929
1786473900,131.149902344,131.509994507,131.134994507,131.380004883
1786474200,131.384994507,131.520004272,131.130004883,131.279998779
1786474500,131.289993286,131.490005493,131.149993896,131.469894409
1786474800,131.440002441,132.160003662,131.149993896,131.895004272
1786475100,131.919998169,131.940002441,131.5,131.529998779
1786475400,131.529998779,132.449996948,131.529998779,132.44720459
1786475700,132.430099487,133.149993896,132.380096436,132.740005493
1786476000,132.75,133.018997192,132.380004883,132.419998169
1786476300,132.423995972,132.594802856,131.820098877,132.154998779
1786476600,132.190002441,132.589996338,132.100006104,132.380004883
1786476900,132.370101929,132.879898071,132.259994507,132.669998169
1786477200,132.664993286,132.75,132.100006104,132.270004272
1786477500,132.25,132.26499939,131.649993896,131.959197998
1786477800,131.964996338,132.179901123,131.399993896,131.740005493
1786478100,131.770004272,133.479995728,131.729995728,133.304992676
1786541400,135.050003052,136.940002441,134.009994507,134.449996948
1786541700,134.5,137.669998169,134.210006714,136.0131073
1786542000,136.020004272,137.270004272,135.210006714,136.61000061
1786542300,136.649993896,138.300003052,136.574996948,137.815002441
1786542600,137.815002441,137.850006104,136.289993286,136.333892822
1786542900,136.36000061,138.023498535,136.080001831,137.929992676
1786543200,137.929992676,138.720001221,137.270004272,138.080001831
1786543500,138.009994507,138.820007324,137.754501343,138.820007324
1786543800,138.809997559,139.880004883,138.690002441,139.13999939
1786544100,139.100097656,139.727996826,138.289993286,138.800003052
1786544400,138.699996948,138.869995117,137.809997559,138.335006714
1786544700,138.300003052,139.220001221,138.210006714,138.970001221
1786545000,138.929992676,139.490005493,138.679992676,139.25
1786545300,139.25,141.199996948,139,141.119995117
1786545600,141.179992676,141.669998169,139.419998169,139.725006104
1786545900,139.699996948,139.75,138.779602051,139.130004883
1786546200,139.134994507,139.25,138.410003662,138.800094604
1786546500,138.804992676,138.880004883,138.279998779,138.354995728
1786546800,138.320007324,139.005004883,138.153793335,138.729995728
1786547100,138.729995728,138.990005493,138.520095825,138.955001831
1786547400,138.960006714,139.580001831,138.789993286,139.065002441
1786547700,139.083297729,139.410003662,138.960006714,139.202697754
1786548000,139.210006714,139.800003052,139.089996338,139.479995728
1786548300,139.470001221,139.699996948,139.259994507,139.570007324
1786548600,139.576797485,140.229995728,139.009994507,139.050003052
1786548900,139.059295654,141.169998169,138.919998169,140.820007324
1786549200,140.809997559,143.249893188,140.380004883,142.651199341
1786549500,142.690002441,143.089996338,141.320007324,141.593002319
1786549800,141.570007324,143.300003052,141.5,142.490005493
1786550100,142.440002441,142.789993286,141.520004272,141.580001831
1786550400,141.570007324,142.220001221,141.17010498,142.122299194
1786550700,142.134994507,142.13999939,141.199996948,141.300003052
1786551000,141.307693481,141.879898071,140.949996948,141.729995728
1786551300,141.660095215,142.369995117,141.550003052,142.270004272
1786551600,142.25,142.740005493,142.179992676,142.330001831
1786551900,142.389694214,142.960006714,142.009994507,142.559997559
1786552200,142.559997559,142.619995117,141.679992676,142.220001221
1786552500,142.220001221,142.740005493,141.869995117,142.249893188
1786552800,142.169998169,142.690002441,142.050003052,142.660003662
1786553100,142.690002441,143.949996948,142.539993286,143.830001831
1786553400,143.824996948,144.25,143.470001221,144.130004883
1786553700,144.119995117,144.75,144,144.309997559
1786554000,144.320007324,144.589996338,144.009994507,144.42199707
1786554300,144.410003662,144.800003052,143.650100708,144.789993286
1786554600,144.820007324,144.850006104,144.399993896,144.63999939
1786554900,144.669998169,144.75,144.270004272,144.684997559
1786555200,144.676498413,144.940002441,144.470001221,144.940002441
1786555500,144.919998169,146.130004883,144.86000061,145.710006714
1786555800,145.690002441,145.839996338,144.429992676,144.589996338
1786556100,144.609695435,145.070007324,144.539993286,144.945007324
1786556400,144.964996338,145.350006104,144.869995117,144.934997559
1786556700,144.960006714,145.550003052,144.899993896,145.440093994
1786557000,145.440002441,145.869995117,144.949996948,145.039993286
1786557300,145.054992676,145.550003052,144.619995117,145.48500061
1786557600,145.490005493,146.089996338,145.490005493,145.630004883
1786557900,145.645004272,145.645706177,144.509994507,145.270004272
1786558200,145.274993896,146.949996948,145.11000061,146.65020752
1786558500,146.660003662,147.070007324,146.37550354,146.934997559
1786558800,146.940002441,148.220001221,146.699996948,148.154998779
1786559100,148.179992676,148.789901733,147.88999939,148.421295166
1786559400,148.457992554,148.910003662,148.11000061,148.130004883
1786559700,148.149993896,148.580001831,147.820495605,147.975006104
1786560000,147.970001221,148.789993286,147.809997559,148.520004272
1786560300,148.550003052,148.949996948,148.220001221,148.274993896
1786560600,148.320007324,148.660003662,147.619995117,147.659896851
1786560900,147.63999939,148.149993896,147.320007324,147.960006714
1786561200,147.960006714,148.149993896,147.340103149,147.789901733
1786561500,147.75,148.259994507,147.710098267,147.914993286
1786561800,147.910003662,148.009994507,147.240005493,147.779998779
1786562100,147.775802612,148.130004883,147.600006104,147.960006714
1786562400,147.960006714,148.320007324,147.880004883,148.014007568
1786562700,148.012695312,149.429992676,147.940002441,149.274993896
1786563000,149.289993286,149.600006104,147.800003052,148.020004272
1786563300,148.029907227,148.660003662,147.160003662,147.199996948
1786563600,147.210006714,147.380004883,146.050003052,146.160003662
1786563900,146.169998169,146.740005493,144.595001221,146.244995117
1786564200,146.259994507,147.240005493,145.800003052,146.669998169
1786564500,146.699996948,146.720001221,145.279998779,146.179992676
1786627800,143.61680603,145,143.080001831,144.520004272
1786628100,144.539993286,145.020004272,144.25,144.615005493
1786628400,144.589996338,145.009994507,143.429992676,143.688995361
1786628700,143.570007324,144.970001221,143.419998169,144.240005493
1786629000,144.26449585,144.630004883,142.600006104,142.630004883
1786629300,142.630004883,143.199996948,141.86000061,142.365402222
1786629600,142.412796021,142.770004272,141.429992676,142.479995728
1786629900,142.5,143.300003052,142.380004883,143.089996338
1786630200,143.050003052,143.440002441,142.089996338,142.240005493
1786630500,142.259994507,142.919998169,141.910003662,142.029998779
1786630800,141.987106323,142.690002441,141.650100708,142.020004272
1786631100,142.044998169,142.449996948,141.580001831,142.348602295
1786631400,142.339996338,142.910003662,141.929992676,141.940002441
1786631700,141.949996948,142.419998169,141.649993896,141.654602051
1786632000,141.649993896,141.649993896,140.660003662,140.719100952
1786632300,140.710006714,140.869995117,139.800003052,140.580001831
1786632600,140.587905884,140.630004883,139.840499878,140.270095825
1786632900,140.274703979,140.819900513,139.960098267,140.399993896
1786633200,140.384994507,141.190002441,140.350006104,140.805603027
1786633500,140.820007324,141.380004883,140.729995728,141.009994507
1786633800,141.009994507,141.740005493,140.880004883,141.695007324
1786634100,141.719894409,142.660003662,141.660003662,142.179992676
1786634400,142.219802856,142.25,141.050003052,141.339996338
1786634700,141.310394287,141.850006104,140.809997559,140.945007324
1786635000,141,141.440002441,140.929992676,141.229995728
1786635300,141.199996948,141.720001221,141.199996948,141.619995117
1786635600,141.604995728,142.149993896,141.604995728,141.661102295
1786635900,141.660003662,141.676193237,140.899993896,141.320007324
1786636200,141.36000061,141.470001221,141.029998779,141.229995728
1786636500,141.229293823,141.279998779,140.940093994,141.095001221
1786636800,141.095001221,141.470001221,140.960006714,141.160003662
1786637100,141.154998779,141.539993286,140.669998169,140.869995117
1786637400,140.880004883,141.059997559,140.710006714,140.73500061
1786637700,140.718002319,140.880004883,140.300003052,140.331207275
1786638000,140.339996338,141.11000061,140.289993286,140.82989502
1786638300,140.830001831,141.060699463,140.75,141.050003052
1786638600,141.066101074,141.119995117,140.339996338,140.509994507
1786638900,140.505004883,140.739593506,140.050003052,140.210006714
1786639200,140.204605103,140.54989624,139.839996338,140.425003052
1786639500,140.425003052,140.660003662,140.230102539,140.539993286
1786639800,140.552307129,140.642593384,140.350006104,140.386001587
1786640100,140.384994507,140.409896851,140.039993286,140.139892578
1786640400,140.13999939,140.600006104,140.13999939,140.330001831
1786640700,140.317993164,140.550003052,140.279998779,140.5
1786641000,140.51890564,141.220001221,140.490097046,141.205001831
1786641300,141.210006714,141.5,141.134994507,141.455001831
1786641600,141.470001221,142.080001831,141.369995117,141.990005493
1786641900,141.990005493,142.160003662,141.721893311,142.11000061
1786642200,142.100006104,142.11000061,141.770004272,141.850097656
1786642500,141.869995117,142.61000061,141.86000061,142.054992676
1786642800,142.050003052,142.419998169,141.949996948,142.160003662
1786643100,142.160003662,142.529998779,142.149993896,142.494995117
1786643400,142.490005493,142.63999939,142.410003662,142.51499939
1786643700,142.5,142.580001831,142.339996338,142.410003662
1786644000,142.399993896,143.240005493,142.350006104,142.800003052
1786644300,142.800003052,142.820007324,142.149993896,142.23500061
1786644600,142.23500061,142.550003052,141.809997559,142.225006104
1786644900,142.225006104,142.479995728,142,142.270004272
1786645200,142.271499634,142.679992676,142.179992676,142.339996338
1786645500,142.330001831,142.410003662,142.020004272,142.300003052
1786645800,142.320007324,142.440002441,142.199996948,142.254501343
1786646100,142.270004272,142.590499878,142.020004272,142.195007324
1786646400,142.190002441,142.240005493,141.449996948,141.809997559
1786646700,141.809997559,142.4243927,141.520004272,142.380004883
1786647000,142.380004883,142.550003052,141.960006714,142.279998779
1786647300,142.279998779,143.570007324,142.279998779,143.455001831
1786647600,143.490005493,143.679992676,142.929992676,143.419998169
1786647900,143.440002441,143.740005493,143.020004272,143.449996948
1786648200,143.460006714,143.584701538,142.960006714,143.229995728
1786648500,143.23500061,143.800003052,142.899993896,143.705001831
1786648800,143.699996948,143.990005493,143.330001831,143.839996338
1786649100,143.830001831,144.36000061,143.699996948,144.320007324
1786649400,144.320007324,144.554992676,143.990402222,144.455001831
1786649700,144.460006714,144.770004272,144.42010498,144.720001221
1786650000,144.70350647,144.949996948,143.130004883,143.184997559
1786650300,143.199996948,143.850006104,142.5,142.809997559
1786650600,142.820007324,143.239898682,141.070007324,141.104995728
1786650900,141.089996338,142.119995117,140.820007324,141.220001221
1786714200,142.910003662,144.020004272,141.559997559,141.634994507
1786714500,141.630004883,141.699996948,140.11000061,140.179992676
1786714800,140.179992676,140.259994507,138.270004272,138.399993896
1786715100,138.392501831,139.36000061,138.274993896,138.949996948
1786715400,138.949996948,139,137.25,137.410003662
1786715700,137.440002441,138.024398804,137.370101929,137.580001831
1786716000,137.559997559,137.727996826,136.710006714,137.496200562
1786716300,137.524993896,137.949996948,137.229995728,137.229995728
1786716600,137.225006104,138,136.960006714,137.550003052
1786716900,137.5,137.869903564,136.570007324,136.604995728
1786717200,136.604995728,137,135.837997437,135.99949646
1786717500,135.98500061,137.529998779,135.979995728,136.86000061
1786717800,136.88999939,137,135.880004883,136.020004272
1786718100,136.009994507,136.369995117,135.559997559,135.789993286
1786718400,135.770004272,136.190002441,135.5,135.866104126
1786718700,135.800003052,136.5,135.550003052,136.016296387
1786719000,136,136.479995728,135.850006104,136.160003662
1786719300,136.160003662,136.199996948,135.598007202,135.835006714
1786719600,135.869995117,136.350006104,135.75,136.089996338
1786719900,136.130004883,136.309997559,135.899993896,136.179992676
1786720200,136.149993896,136.470001221,135.880004883,136.36000061
1786720500,136.335006714,137.089996338,136.335006714,136.98500061
1786720800,136.98500061,137.179992676,136.589996338,136.919998169
1786721100,136.925003052,137.318206787,136.699996948,137.134994507
1786721400,137.13999939,137.240005493,136.61000061,136.800003052
1786721700,136.759994507,137.098999023,136.690002441,136.710006714
1786722000,136.714996338,136.960006714,136.460006714,136.774993896
1786722300,136.740005493,136.979995728,136.509994507,136.789993286
1786722600,136.789993286,136.830001831,136.449996948,136.559997559
1786722900,136.559997559,137.199996948,136.550003052,137.050003052
1786723200,137.054992676,137.350006104,136.869995117,136.929992676
1786723500,136.929901123,137.179901123,136.679992676,136.809997559
1786723800,136.779998779,137.429992676,136.729995728,137.350006104
1786724100,137.360107422,137.490005493,137.210006714,137.320007324
1786724400,137.309997559,138.020004272,137.309997559,137.98500061
1786724700,137.970001221,138.11000061,137.619995117,137.699996948
1786725000,137.699996948,137.899902344,137.119995117,137.229995728
1786725300,137.229995728,137.63999939,137.210006714,137.56010437
1786725600,137.580001831,137.669692993,137.479995728,137.559997559
1786725900,137.539993286,137.800003052,137.300003052,137.774993896
1786726200,137.779998779,137.919906616,137.570007324,137.869995117
1786726500,137.869995117,137.949996948,137.679992676,137.690002441
1786726800,137.710006714,137.949996948,137.63999939,137.875
1786727100,137.850006104,138.399993896,137.780105591,138.309997559
1786727400,138.313995361,139,138.270095825,138.940002441
1786727700,138.945007324,139.300003052,138.770004272,138.919998169
1786728000,138.919998169,139.649993896,138.880004883,139.604995728
1786728300,139.604995728,139.869995117,139.419998169,139.820007324
1786728600,139.830001831,139.830001831,139.25,139.43989563
1786728900,139.419998169,139.729995728,139.308700562,139.436203003
1786729200,139.429992676,139.850006104,139.429992676,139.830001831
1786729500,139.800003052,139.830001831,139.550003052,139.619995117
1786729800,139.600006104,140.179992676,139.550003052,139.919906616
1786730100,139.869995117,140.259994507,139.61000061,140.009994507
1786730400,140.029998779,140.130004883,139.679992676,139.929992676
1786730700,139.910095215,139.989898682,139.699996948,139.86000061
1786731000,139.86000061,139.949996948,139.529998779,139.600006104
1786731300,139.580001831,139.88999939,139.569396973,139.850006104
1786731600,139.859893799,139.86000061,138.910003662,139.089996338
1786731900,139.059997559,139.690002441,139.059997559,139.61000061
1786732200,139.634994507,139.789993286,139.380004883,139.509994507
1786732500,139.520004272,139.669998169,139.320007324,139.580001831
1786732800,139.580001831,139.869995117,139.550003052,139.865005493
1786733100,139.860107422,139.919998169,139.520004272,139.830001831
1786733400,139.81010437,140.029998779,139.75,139.945007324
1786733700,139.940002441,139.979995728,139.839996338,139.850006104
1786734000,139.850006104,139.869506836,139.205703735,139.369995117
1786734300,139.354995728,139.629104614,139.259994507,139.5
1786734600,139.524993896,139.54989624,139.210006714,139.304992676
1786734900,139.304992676,139.550003052,139.149993896,139.215805054
1786735200,139.259994507,139.330001831,138.809997559,138.875
1786735500,138.850097656,139.259994507,138.800003052,139.214996338
1786735800,139.199996948,139.580001831,139,139.404998779
1786736100,139.404998779,139.779998779,139.350006104,139.565002441
1786736400,139.589996338,139.740005493,139.406799316,139.615005493
1786736700,139.639007568,139.699996948,139.509994507,139.645004272
1786737000,139.649993896,139.929992676,139.369995117,139.855102539
1786737300,139.875,140.009994507,139.720001221,139.770004272
1786973400,139.975006104,142.899902344,139.61000061,141.845001221
1786973700,141.854995728,143.820007324,140.880004883,143.541900635
1786974000,143.550003052,146.649993896,143.444000244,145.570007324
1786974300,145.619995117,147.25,144.770004272,147.076095581
1786974600,147.080001831,147.899993896,146.31010437,147.824996948
1786974900,147.840301514,148.38999939,147.009994507,148.380004883
1786975200,148.369995117,148.669998169,147.350006104,147.460006714
1786975500,147.469696045,149.13999939,147.199996948,149.130004883
1786975800,149.149993896,149.679992676,148.590698242,148.858001709
1786976100,148.869995117,149.190002441,148.009994507,148.210006714
1786976400,148.179992676,148.229995728,146.63999939,146.710006714
1786976700,146.710006714,147.538803101,146.279998779,147.51499939
1786977000,147.51499939,148.759994507,147.229995728,148.505004883
1786977300,148.533294678,148.880004883,147.059997559,147.220001221
1786977600,147.225006104,147.759994507,147.020004272,147.475006104
1786977900,147.475006104,148.440002441,147.320098877,147.759994507
1786978200,147.729995728,149.160003662,147.510101318,148.925003052
1786978500,148.944198608,149.035995483,147.960006714,148.330001831
1786978800,148.339996338,148.740005493,148.119995117,148.460006714
1786979100,148.440002441,148.910003662,148.23500061,148.464996338
1786979400,148.440002441,149.11000061,147.773101807,148.009994507
1786979700,148.009994507,148.679901123,148.009994507,148.12890625
1786980000,148.134994507,148.419906616,147.710006714,148.160003662
1786980300,148.159896851,148.779907227,147.699996948,148.630004883
1786980600,148.649993896,148.88999939,148.009994507,148.429901123
1786980900,148.406005859,149.25,148.210693359,148.929992676
1786981200,148.929992676,149.269393921,148.699996948,148.725006104
1786981500,148.749893188,149.220001221,148.720092773,148.86000061
1786981800,148.850006104,149.770004272,148.509994507,149.726898193
1786982100,149.699996948,149.800003052,149.350006104,149.375
1786982400,149.375,149.440002441,148.740005493,148.835006714
1786982700,148.800003052,148.949996948,148.529998779,148.649993896
1786983000,148.690002441,148.899993896,148.309997559,148.550003052
1786983300,148.63999939,148.779998779,148.13999939,148.270004272
1786983600,148.273406982,148.719802856,147.520004272,147.690002441
1786983900,147.669998169,148.899993896,147.660003662,148.880004883
1786984200,148.870101929,149.099502563,148.429992676,148.604705811
1786984500,148.600006104,148.960006714,148.600006104,148.830001831
1786984800,148.820007324,149.199996948,148.490005493,148.509994507
1786985100,148.509994507,148.570007324,148.100006104,148.419998169
1786985400,148.419998169,148.5,148.161193848,148.240005493
1786985700,148.220001221,148.380004883,148.080001831,148.210006714
1786986000,148.220001221,148.369995117,148.070007324,148.192901611
1786986300,148.192092896,148.329498291,147.809997559,147.809997559
1786986600,147.809997559,147.86000061,147.440002441,147.460006714
1786986900,147.460006714,147.949996948,147.399993896,147.759994507
1786987200,147.774993896,147.910003662,147.5,147.779998779
1786987500,147.759994507,147.869995117,147.509994507,147.520004272
1786987800,147.539993286,148.039993286,147.130004883,147.934997559
1786988100,147.934997559,148.039993286,147.815795898,147.864303589
1786988400,147.86000061,148.220001221,147.809997559,148.110992432
1786988700,148.119995117,148.119995117,147.67010498,147.68409729
1786989000,147.695007324,147.740005493,147.440002441,147.710006714
1786989300,147.710006714,147.929992676,147.649993896,147.800003052
1786989600,147.800003052,147.809997559,146.681304932,146.681304932
1786989900,146.695007324,147.050003052,146.38999939,146.86000061
1786990200,146.850097656,147,146.509994507,146.539993286
1786990500,146.529998779,146.660003662,146.121307373,146.476806641
1786990800,146.470001221,146.960006714,146.380004883,146.949996948
1786991100,146.945007324,147.630004883,146.880004883,147.375
1786991400,147.365005493,147.759994507,147.365005493,147.720001221
1786991700,147.720001221,147.850006104,147,147.259994507
1786992000,147.259994507,147.320007324,145.690002441,145.898193359
1786992300,145.875,146.289993286,145.779998779,145.839996338
1786992600,145.839996338,146.429992676,145.830001831,146.375
1786992900,146.375,146.460006714,145.630004883,145.707504272
1786993200,145.710006714,146.270004272,145.704101562,145.770004272
1786993500,145.729995728,146.25,145.5,145.960006714
1786993800,145.955001831,146.13999939,145.429992676,145.439697266
1786994100,145.429992676,145.949996948,145.380004883,145.740005493
1786994400,145.740005493,145.800003052,145.279998779,145.380004883
1786994700,145.363800049,145.76499939,145.010894775,145.279998779
1786995000,145.279998779,145.660003662,145.009994507,145.304794312
1786995300,145.365005493,146.220001221,145.330001831,146.179992676
1786995600,146.169998169,146.279907227,145.5,145.509994507
1786995900,145.539993286,146.13999939,145.460006714,146.059997559
1786996200,146.149993896,146.830001831,145.979995728,146.729995728
1786996500,146.729995728,146.75,145.520004272,146.279998779
1787059800,140.725006104,141.990005493,139.410095215,139.960494995
1787060100,139.960006714,142.929992676,139.67010498,141.979904175
1787060400,141.929992676,142.729995728,141.320098877,141.675003052
1787060700,141.660095215,142.119903564,140.929992676,141.841995239
1787061000,141.869903564,142.029998779,140.910003662,141.052398682
1787061300,141.039993286,141.479904175,140.600006104,141.095001221
1787061600,141.039993286,141.5,140.630004883,141.240005493
1787061900,141.240005493,141.279998779,140.525299072,140.705001831
1787062200,140.695007324,140.705001831,140.119995117,140.479995728
1787062500,140.519500732,141.399993896,140.492904663,141.149993896
1787062800,141.190002441,141.529998779,140.669998169,141.350006104
1787063100,141.389602661,142.699996948,141.300003052,142.529998779
1787063400,142.565002441,143.080001831,141.740005493,141.934997559
1787063700,141.934997559,142.75,141.850006104,141.930496216
1787064000,141.930099487,141.969894409,140.520004272,140.789505005
1787064300,140.770004272,141.559997559,140.770004272,141.440002441
1787064600,141.434997559,141.720001221,140.787094116,141.179992676
1787064900,141.179992676,141.322402954,140.800003052,140.88999939
1787065200,140.86000061,141.210006714,140.429992676,141.104995728
1787065500,141.130004883,141.729995728,141.100006104,141.330001831
1787065800,141.349899292,141.699996948,141.240005493,141.660003662
1787066100,141.662506104,142.080001831,141.429992676,141.434997559
1787066400,141.434997559,142.13999939,141.38999939,141.869995117
1787066700,141.88999939,142.5,141.875,142.184997559
1787067000,142.169998169,142.25,141.899993896,142.199996948
1787067300,142.199996948,142.25,141.720001221,141.899505615
1787067600,141.899795532,142.5,141.789993286,142.460006714
1787067900,142.470001221,143.24949646,142.470001221,142.990005493
1787068200,143,143.879898071,142.550003052,143.631195068
1787068500,143.649993896,144.440002441,143.649993896,144.380004883
1787068800,144.389694214,144.589996338,143.809997559,143.833496094
1787069100,143.834106445,144.190002441,143.470001221,143.619995117
1787069400,143.576904297,144.63999939,143.520004272,144.429992676
1787069700,144.445007324,144.460006714,144.080001831,144.410003662
1787070000,144.429992676,145.229995728,144.355392456,144.699996948
1787070300,144.73890686,145,144.440002441,144.460006714
1787070600,144.460006714,144.479995728,143.800003052,144.270004272
1787070900,144.279998779,144.779907227,144.259994507,144.705001831
1787071200,144.699996948,145.380004883,144.679992676,145.199905396
1787071500,145.190002441,146.460006714,144.925796509,146.145004272
1787071800,146.160003662,146.279998779,145.800003052,145.910003662
1787072100,145.925704956,146.134597778,145.350006104,145.949996948
1787072400,145.949996948,146.199905396,145.669998169,145.779998779
1787072700,145.75,146.240005493,145.679992676,145.835006714
1787073000,145.835006714,145.869995117,145.330001831,145.649993896
1787073300,145.649993896,145.669998169,144.449996948,144.669998169
1787073600,144.669998169,144.929992676,144.510498047,144.929992676
1787073900,144.934997559,145.75,144.610107422,145.395004272
1787074200,145.399993896,145.529907227,144.970001221,145.050003052
1787074500,145.050003052,145.050003052,144.149993896,144.923904419
1787074800,144.949996948,145.309997559,144.880004883,145.044998169
1787075100,145.089996338,145.300003052,144.740097046,144.940002441
1787075400,144.940002441,145.07989502,144.75,144.830001831
1787075700,144.830001831,144.860198975,144.25,144.375
1787076000,144.419998169,144.779998779,144.419998169,144.725006104
1787076300,144.73500061,144.869995117,144.370101929,144.432296753
1787076600,144.469894409,144.669998169,144.089996338,144.569900513
1787076900,144.539993286,144.63949585,143.660003662,143.989501953
1787077200,143.990005493,144.039993286,143.589996338,143.861404419
1787077500,143.86000061,143.899993896,143.339996338,143.524993896
1787077800,143.529998779,143.61000061,143.100006104,143.110107422
1787078100,143.149993896,143.770004272,143.149993896,143.68989563
1787078400,143.669998169,143.789993286,143.339996338,143.339996338
1787078700,143.344406128,143.367004395,142.850006104,143.039993286
1787079000,143.029998779,143.11000061,142.820007324,142.86000061
1787079300,142.86000061,143.229995728,142.779998779,142.910003662
1787079600,142.906005859,143.059997559,142.740005493,142.750305176
1787079900,142.75,142.759902954,142.31199646,142.660003662
1787080200,142.664993286,142.779998779,142.190093994,142.239501953
1787080500,142.239593506,142.449996948,142.149993896,142.345901489
1787080800,142.354995728,142.630004883,142.25,142.630004883
1787081100,142.590103149,142.990005493,142.529998779,142.929992676
1787081400,142.940002441,143.350006104,142.880096436,143.309997559
1787081700,143.270004272,143.339996338,143,143.039993286
1787082000,143.029998779,143.199996948,141.919998169,142.430099487
1787082300,142.460006714,143,142.395004272,142.490005493
1787082600,142.490005493,142.910003662,142.11000061,142.895004272
1787082900,142.899993896,143.720001221,142.884994507,143.339996338
1787146200,144.960006714,145.009994507,141.421707153,141.669998169
1787146500,141.645004272,142.240005493,140.175292969,140.195007324
1787146800,140.229995728,141.699905396,139.630096436,141.365005493
1787147100,141.365005493,141.380004883,138.289993286,138.589996338
1787147400,138.596694946,139.309997559,138.210006714,138.710006714
1787147700,138.705001831,139.210006714,138.470001221,138.804992676
1787148000,138.809997559,138.899993896,137.23500061,138.219696045
1787148300,138.199996948,139.100006104,137.619995117,137.779998779
1787148600,137.779998779,137.990005493,136.720001221,136.929992676
1787148900,136.899993896,138.350006104,136.86000061,137.940002441
1787149200,137.925003052,138.720001221,137.690002441,138.054992676
1787149500,138.029998779,138.720001221,137.850006104,138.585006714
1787149800,138.585006714,139.399993896,138.580093384,138.68989563
1787150100,138.669998169,139.160003662,138.460006714,139.100006104
1787150400,139.085006714,139.429992676,138.800003052,139.240005493
1787150700,139.240005493,139.350006104,138.550003052,138.733398438
1787151000,138.740005493,138.940002441,138.059997559,138.219894409
1787151300,138.195007324,138.664993286,138.119995117,138.61000061
1787151600,138.539993286,140.399993896,138.369995117,139.259506226
1787151900,139.229995728,139.919998169,138.899993896,139.871002197
1787152200,139.910003662,140.330001831,139.419998169,140.199493408
1787152500,140.174301147,140.199996948,139.4243927,139.61000061
1787152800,139.600006104,139.899993896,139.570007324,139.720306396
1787153100,139.740005493,140.149993896,139.410003662,140.029998779
1787153400,140.029998779,140.179901123,139.809997559,139.929992676
1787153700,139.949996948,139.971496582,138.5,138.809997559
1787154000,138.820007324,139.354507446,138.600006104,139.214996338
1787154300,139.210006714,139.600006104,139.149993896,139.269500732
1787154600,139.270004272,139.638000488,139.229995728,139.300003052
1787154900,139.315002441,139.740005493,139.300003052,139.580001831
1787155200,139.580001831,140.089996338,139.490005493,139.809997559
1787155500,139.804992676,140.059997559,139.649993896,139.801101685
1787155800,139.815002441,140.789993286,139.770004272,140.658401489
1787156100,140.649993896,140.800003052,140.273101807,140.664993286
1787156400,140.654998779,140.88999939,140.5,140.69859314
1787156700,140.679992676,140.740005493,140.240005493,140.5
1787157000,140.509994507,140.699996948,140.38999939,140.470001221
1787157300,140.475006104,140.68989563,140.330001831,140.517807007
1787157600,140.520004272,140.779296875,140.510498047,140.729995728
1787157900,140.73500061,140.759902954,140.25,140.25
1787158200,140.25,140.25,139.731994629,139.809997559
1787158500,139.824996948,140.380004883,139.470001221,140.289993286
1787158800,140.289993286,140.309997559,139.350006104,139.535003662
1787159100,139.531005859,139.63999939,138.970001221,139.050003052
1787159400,139.065002441,139.309997559,139.050003052,139.20010376
1787159700,139.199996948,139.380004883,139.100006104,139.104995728
1787160000,139.104995728,139.300003052,138.88999939,139.179992676
1787160300,139.175003052,139.595001221,139.050003052,139.520004272
1787160600,139.539993286,139.75,139.350006104,139.574996948
1787160900,139.574996948,139.75,139.419998169,139.524993896
1787161200,139.524993896,139.82989502,139.479995728,139.720001221
1787161500,139.729995728,139.86000061,139.630004883,139.820007324
1787161800,139.789993286,140.054992676,139.720001221,139.854995728
1787162100,139.854995728,140.119995117,139.75,139.76499939
1787162400,139.769195557,139.970001221,139.699996948,139.835006714
1787162700,139.835006714,140.11000061,139.511001587,139.600097656
1787163000,139.612304688,140.089904785,139.580001831,139.845001221
1787163300,139.86000061,140.199996948,139.825195312,140.179199219
1787163600,140.179992676,140.309997559,139.940002441,140.179992676
1787163900,140.190002441,140.369995117,140.11000061,140.255004883
1787164200,140.274993896,140.559997559,140.240005493,140.289993286
1787164500,140.3125,140.3125,139.320007324,139.429992676
1787164800,139.419998169,139.88999939,139.410003662,139.779998779
1787165100,139.779998779,139.910003662,139.550003052,139.809997559
1787165400,139.804992676,139.830001831,139.580001831,139.629898071
1787165700,139.600006104,139.63999939,139.399993896,139.5
1787166000,139.5,139.570007324,139.240005493,139.375
1787166300,139.38999939,139.470001221,139.089996338,139.380004883
1787166600,139.380004883,139.520004272,138.744995117,138.744995117
1787166900,138.730102539,139.070007324,138.679992676,139.029998779
1787167200,139.029998779,139.13999939,138.590499878,138.619995117
1787167500,138.615005493,138.866592407,138.570007324,138.664993286
1787167800,138.679992676,139.020004272,138.63999939,138.815002441
1787168100,138.820007324,138.880004883,138.509994507,138.529495239
1787168400,138.509994507,139.039993286,138.419998169,138.88999939
1787168700,138.884994507,139.179992676,138.449996948,138.470001221
1787169000,138.419998169,139.179992676,138.419998169,139.039993286
1787169300,139.070007324,139.779998779,138.949996948,139.63999939
1787232600,137.285003662,137.880004883,135.600006104,135.669998169
1787232900,135.684997559,137.229995728,135.229995728,136.684997559
1787233200,136.729995728,136.839996338,135.619995117,135.734298706
1787233500,135.744995117,135.899993896,134.660003662,135.065002441
1787233800,135.065002441,135.210006714,133.559997559,133.970001221
1787234100,133.979995728,134.300003052,133.229995728,133.410003662
1787234400,133.410003662,133.789993286,132.61000061,132.865005493
1787234700,132.86000061,134.369995117,132.76499939,133.729995728
1787235000,133.740005493,133.869995117,133.009994507,133.404998779
1787235300,133.399993896,133.850006104,132.470001221,132.490005493
1787235600,132.475494385,133.589996338,132.380004883,133.169906616
1787235900,133.134902954,133.819900513,132.850006104,132.949996948
1787236200,132.95199585,133.330001831,132.869995117,133.080001831
1787236500,133.080001831,133.63999939,132.899993896,133.547393799
1787236800,133.547393799,134.154998779,133.270004272,133.520004272
1787237100,133.494995117,133.619995117,132.940002441,132.955001831
1787237400,132.940002441,133,132.550003052,132.615005493
1787237700,132.630004883,132.989501953,132.580001831,132.940002441
1787238000,132.929992676,133.399993896,132.86000061,133.009994507
1787238300,133.039794922,133.059997559,132.539993286,132.649993896
1787238600,132.649993896,133.029495239,132.25,132.899993896
1787238900,132.910003662,133.13999939,132.479995728,132.595001221
1787239200,132.59979248,132.59979248,131.770004272,131.86000061
1787239500,131.869995117,132.320007324,131.770004272,132.125
1787239800,132.125,132.269897461,131.289993286,131.320007324
1787240100,131.320007324,131.36000061,130.779998779,130.970001221
1787240400,130.964996338,131.059906006,130.630004883,130.770004272
1787240700,130.768005371,131.240005493,130.5,131.220001221
1787241000,131.210006714,131.509994507,130.940002441,131.059997559
1787241300,131.059997559,132.040100098,130.5,131.899993896
1787241600,131.910003662,132.149002075,131.570007324,131.630004883
1787241900,131.630004883,131.820007324,131.080200195,131.274993896
1787242200,131.25,131.720001221,131.149993896,131.179992676
1787242500,131.189407349,131.399993896,131.089996338,131.309997559
1787242800,131.294998169,131.309997559,130.899993896,131
1787243100,131.020004272,131.039993286,130.789993286,130.880004883
1787243400,130.885406494,130.979995728,130.5,130.619995117
1787243700,130.600006104,130.770095825,130.38999939,130.570007324
1787244000,130.570007324,130.669998169,130.449996948,130.630004883
1787244300,130.630004883,131.199996948,130.619995117,131.125
1787244600,131.125,131.229904175,130.850006104,130.964996338
1787244900,130.964996338,131.350006104,130.910003662,131.148803711
1787245200,131.119995117,131.160003662,130.940200806,130.945007324
1787245500,130.940002441,130.970001221,130.550003052,130.800003052
1787245800,130.800003052,130.940002441,130.600006104,130.647399902
1787246100,130.649902344,130.880004883,130.520004272,130.86000061
1787246400,130.854995728,131.199493408,130.850006104,131.079406738
1787246700,131.072402954,131.75,131.010101318,131.395004272
1787247000,131.395004272,131.410003662,131.059997559,131.179992676
